Date,normalized_altcoin_dollar_oi
01-01-2021,0.004938153052890313
02-01-2021,0.004860261812890653
03-01-2021,0.005315887836295864
04-01-2021,0.004739252996856033
05-01-2021,0.004859332501318942
06-01-2021,0.004993436640201861
07-01-2021,0.005002409029276399
08-01-2021,0.0048599135365084995
09-01-2021,0.0053280686098209264
10-01-2021,0.005033629513622157
11-01-2021,0.004102028071299793
12-01-2021,0.004122158913515965
13-01-2021,0.0044115967362296565
14-01-2021,0.004531738981084042
15-01-2021,0.004690276284480339
16-01-2021,0.005109495277988963
17-01-2021,0.005326736590372776
18-01-2021,0.00544986623244472
19-01-2021,0.004943813452487339
20-01-2021,0.004755657140490913
21-01-2021,0.0043758651702681325
22-01-2021,0.00431177235441659
23-01-2021,0.004685312923464323
24-01-2021,0.004747300864509415
25-01-2021,0.004582248366687218
26-01-2021,0.004555916574329544
27-01-2021,0.004541990281060865
28-01-2021,0.00492627726199389
29-01-2021,0.0048865907816596525
30-01-2021,0.005505218375493599
31-01-2021,0.005620524529622428
01-02-2021,0.005737995854305325
02-02-2021,0.00580225425962787
03-02-2021,0.007334043668990383
04-02-2021,0.006097825768125578
05-02-2021,0.006420305964718483
06-02-2021,0.006258247750471144
07-02-2021,0.005775396426307333
08-02-2021,0.006096448742860293
09-02-2021,0.006500558947536915
10-02-2021,0.006077919130840647
11-02-2021,0.006492676370226226
12-02-2021,0.006698755640394742
13-02-2021,0.00692862908895838
14-02-2021,0.006669924707692527
15-02-2021,0.005603508831108559
16-02-2021,0.005538591680658428
17-02-2021,0.005930582406894752
18-02-2021,0.006066057642102346
19-02-2021,0.006290152787483381
20-02-2021,0.005923500471199353
21-02-2021,0.005932661855627609
22-02-2021,0.004831029669920469
23-02-2021,0.003968831171722618
24-02-2021,0.003971046494069645
25-02-2021,0.004010228323914553
26-02-2021,0.003921122724840624
27-02-2021,0.003914748480309267
28-02-2021,0.003903813529397329
01-03-2021,0.004090839489548663
02-03-2021,0.004075987696468402
03-03-2021,0.004186359514016421
04-03-2021,0.004152540049010172
05-03-2021,0.003998563514758059
06-03-2021,0.004052721026963888
07-03-2021,0.0042919930615481295
08-03-2021,0.004623466574102005
09-03-2021,0.005023589714199666
10-03-2021,0.004744404096093782
11-03-2021,0.004934960024905603
12-03-2021,0.004789545342128679
13-03-2021,0.005015887782186662
14-03-2021,0.004960309674516975
15-03-2021,0.004822374497474747
16-03-2021,0.005004987940990454
17-03-2021,0.005304541622213636
18-03-2021,0.005318402287246628
19-03-2021,0.005439137581403348
20-03-2021,0.0056069878913486875
21-03-2021,0.005484716982274828
22-03-2021,0.005301892869731558
23-03-2021,0.005240550797310503
24-03-2021,0.0048507883910293165
25-03-2021,0.004573769323412601
26-03-2021,0.004790302949109221
27-03-2021,0.00493227853098289
28-03-2021,0.005041661415305006
29-03-2021,0.005298828265523231
30-03-2021,0.005642625831583432
31-03-2021,0.005575316621235544
01-04-2021,0.0058063087110352156
02-04-2021,0.00604288382955274
03-04-2021,0.005695267250340979
04-04-2021,0.005825770166750742
05-04-2021,0.0063853776574471065
06-04-2021,0.006365096922923495
07-04-2021,0.005827408995537901
08-04-2021,0.005981463830519483
09-04-2021,0.006056615368227886
10-04-2021,0.006305212888340578
11-04-2021,0.006402673638731445
12-04-2021,0.006651832341144121
13-04-2021,0.006886367668984797
14-04-2021,0.00677461034894502
15-04-2021,0.007098262673570731
16-04-2021,0.006743462501107131
17-04-2021,0.006768365245316145
18-04-2021,0.0045948213011498176
19-04-2021,0.00447273726012007
20-04-2021,0.004479714835127494
21-04-2021,0.004496113869820226
22-04-2021,0.004391880628483523
23-04-2021,0.003922055040137155
24-04-2021,0.003869990803022911
25-04-2021,0.00395595358196772
26-04-2021,0.00394383570582029
27-04-2021,0.004156856092517937
28-04-2021,0.0042257849657848625
29-04-2021,0.004413359965498965
30-04-2021,0.004688394184511933
01-05-2021,0.004853983384940792
02-05-2021,0.004827211234816124
03-05-2021,0.005133133776348178
04-05-2021,0.0047472289400049324
05-05-2021,0.0052413945656444305
06-05-2021,0.00549139316073426
07-05-2021,0.005573896281179822
08-05-2021,0.005611537547452046
09-05-2021,0.0056246313712182755
10-05-2021,0.00483700735539823
11-05-2021,0.00489487275985592
12-05-2021,0.00444624362564334
13-05-2021,0.0040571905405550725
14-05-2021,0.004155332645160959
15-05-2021,0.004225815130798511
16-05-2021,0.004242471463218296
17-05-2021,0.0041850676546631585
18-05-2021,0.004275466916655269
19-05-2021,0.0025384125805970157
20-05-2021,0.0024805470625798476
21-05-2021,0.002512567392104666
22-05-2021,0.002488515925502187
23-05-2021,0.0025768624352667793
24-05-2021,0.0026028024461160764
25-05-2021,0.002570347017652624
26-05-2021,0.002639684663883572
27-05-2021,0.0026047818726672375
28-05-2021,0.0025693921520343796
29-05-2021,0.0026705906641814243
30-05-2021,0.002682490290972945
31-05-2021,0.0026916206496156933
01-06-2021,0.0028046832060145614
02-06-2021,0.002956044554563199
03-06-2021,0.003082495689779102
04-06-2021,0.0028794811321694105
05-06-2021,0.0029138831737032843
06-06-2021,0.002938443235232624
07-06-2021,0.0028909312976778566
08-06-2021,0.002784954484176715
09-06-2021,0.002803708913887583
10-06-2021,0.0027846021848646763
11-06-2021,0.0027951916745931546
12-06-2021,0.00283011482923468
13-06-2021,0.00287435755539546
14-06-2021,0.002912951670848382
15-06-2021,0.0029157421595094354
16-06-2021,0.0029627194948232136
17-06-2021,0.0030117751531291976
18-06-2021,0.0029723087538237143
19-06-2021,0.00297100723237647
20-06-2021,0.0029702804915693096
21-06-2021,0.0028277120763348543
22-06-2021,0.0027269202679899556
23-06-2021,0.002780990902470785
24-06-2021,0.0029079873614803824
25-06-2021,0.0028240284857682122
26-06-2021,0.002933181930468482
27-06-2021,0.0029202364484560706
28-06-2021,0.002907311305007301
29-06-2021,0.003067703870117171
30-06-2021,0.002989796712100416
01-07-2021,0.002940762910532949
02-07-2021,0.003027509833528712
03-07-2021,0.00313539602321393
04-07-2021,0.003226661123891487
05-07-2021,0.003117133521082778
06-07-2021,0.003268198382885192
07-07-2021,0.0034626652773297483
08-07-2021,0.003214250370696683
09-07-2021,0.0033672297635537777
10-07-2021,0.003379340287261409
11-07-2021,0.0034524641314924442
12-07-2021,0.0035070221218031464
13-07-2021,0.0034765924658656184
14-07-2021,0.0035108253006207136
15-07-2021,0.003434597804529282
16-07-2021,0.003460053910567713
17-07-2021,0.003491130144171156
18-07-2021,0.0034503650921494395
19-07-2021,0.0035325173854046685
20-07-2021,0.0034108743909307
21-07-2021,0.0033968349486740404
22-07-2021,0.0035192098772598977
23-07-2021,0.003556106016170943
24-07-2021,0.0036116661422465725
25-07-2021,0.003630016245756917
26-07-2021,0.0034064620716050165
27-07-2021,0.0034676043875842633
28-07-2021,0.0035075719920964876
29-07-2021,0.003718541196524772
30-07-2021,0.0037530725726261345
31-07-2021,0.003853082916042917
01-08-2021,0.0035192921591409893
02-08-2021,0.0036585677286545292
03-08-2021,0.0036193364305042177
04-08-2021,0.0037878646157096896
05-08-2021,0.003780267987461071
06-08-2021,0.0040236708992716945
07-08-2021,0.004069657110511491
08-08-2021,0.0038720795314712603
09-08-2021,0.004002522293125568
10-08-2021,0.004255416164624333
11-08-2021,0.0044514149895778414
12-08-2021,0.004211910941421865
13-08-2021,0.004436020952674
14-08-2021,0.004715591492996988
15-08-2021,0.004924835597881206
16-08-2021,0.004886053191629967
17-08-2021,0.004601340805691149
18-08-2021,0.004394553679364697
19-08-2021,0.004793335722275055
20-08-2021,0.005003511638814587
21-08-2021,0.005114999479785763
22-08-2021,0.005289407986582947
23-08-2021,0.005603054066418613
24-08-2021,0.0050786406991441616
25-08-2021,0.005132980527454549
26-08-2021,0.004853064293288398
27-08-2021,0.004903023175828564
28-08-2021,0.005045988339410215
29-08-2021,0.005172021145227109
30-08-2021,0.00519586255314305
31-08-2021,0.005319369644281435
01-09-2021,0.005463811360971333
02-09-2021,0.005717746615624004
03-09-2021,0.0059612313756182995
04-09-2021,0.00615944433517932
05-09-2021,0.006386129678748513
06-09-2021,0.006267637847953351
07-09-2021,0.0034667151427325332
08-09-2021,0.003294644610954822
09-09-2021,0.0035511474128273567
10-09-2021,0.003546908902143508
11-09-2021,0.003681398934500826
12-09-2021,0.003972159539586233
13-09-2021,0.0038168564739679547
14-09-2021,0.00402447193633377
15-09-2021,0.004155342588511173
16-09-2021,0.004272889653056188
17-09-2021,0.00425148625787978
18-09-2021,0.004218152075254379
19-09-2021,0.004220784549886935
20-09-2021,0.0035391502759319167
21-09-2021,0.0033828733866033724
22-09-2021,0.0034333296416780967
23-09-2021,0.0035253440129469887
24-09-2021,0.0033871314166401957
25-09-2021,0.0034579001236740643
26-09-2021,0.0034523166439411365
27-09-2021,0.0035535343897408873
28-09-2021,0.003616045631603315
29-09-2021,0.0037112934689969646
30-09-2021,0.00380505883729605
01-10-2021,0.0039186928873607895
02-10-2021,0.004033636236402793
03-10-2021,0.004259453059310748
04-10-2021,0.004172631702815214
05-10-2021,0.0044418868106740825
06-10-2021,0.004406903315713912
07-10-2021,0.004547540688344378
08-10-2021,0.004597679934661442
09-10-2021,0.004719038163100058
10-10-2021,0.004555471012063639
11-10-2021,0.004560713756713517
12-10-2021,0.004506505266304095
13-10-2021,0.004673750293741586
14-10-2021,0.004832305834794223
15-10-2021,0.0048842987621157945
16-10-2021,0.0049834645562180785
17-10-2021,0.0047502851709997325
18-10-2021,0.004850477576317475
19-10-2021,0.004887743430373741
20-10-2021,0.005065127472688029
21-10-2021,0.005129917133497957
22-10-2021,0.005309306589327241
23-10-2021,0.005391527654654491
24-10-2021,0.005434564324971322
25-10-2021,0.005701666911853265
26-10-2021,0.005880446253135395
27-10-2021,0.0046869229266513195
28-10-2021,0.004729129064211081
29-10-2021,0.00493904474329458
30-10-2021,0.005040743790627013
31-10-2021,0.005037009802249844
01-11-2021,0.005180666269928078
02-11-2021,0.0055074820835939505
03-11-2021,0.005626469505146307
04-11-2021,0.005718630344753897
05-11-2021,0.005716209036291978
06-11-2021,0.005678021893566453
07-11-2021,0.005866090449063143
08-11-2021,0.006212715831649736
09-11-2021,0.00636973950294597
10-11-2021,0.005507819510546243
11-11-2021,0.005434937198877319
12-11-2021,0.005356655289795467
13-11-2021,0.005423987260097774
14-11-2021,0.005565287547062148
15-11-2021,0.005705529372969267
16-11-2021,0.0049535386584404865
17-11-2021,0.005077255487203808
18-11-2021,0.004912561104228319
19-11-2021,0.005018018818969218
20-11-2021,0.005120578893684994
21-11-2021,0.005134846112912186
22-11-2021,0.005279628809748931
23-11-2021,0.005520526664950824
24-11-2021,0.00583096792260619
25-11-2021,0.005850608773727402
26-11-2021,0.005502250608802375
27-11-2021,0.005531438838660098
28-11-2021,0.005440865042764799
29-11-2021,0.0054029173939207685
30-11-2021,0.0053926206623328005
01-12-2021,0.00543550610489988
02-12-2021,0.005446288498044837
03-12-2021,0.005258746720795464
04-12-2021,0.0034923495538921054
05-12-2021,0.00336327956536764
06-12-2021,0.0033990640094081715
07-12-2021,0.0034746407839320492
08-12-2021,0.003611513433751601
09-12-2021,0.0036283031454710404
10-12-2021,0.0035680709479733604
11-12-2021,0.003670562259254802
12-12-2021,0.0037055858920894877
13-12-2021,0.0036413089309948834
14-12-2021,0.0036327835006182705
15-12-2021,0.0035999723024649774
16-12-2021,0.0036669165871227164
17-12-2021,0.0036960459258375145
18-12-2021,0.00375585738863863
19-12-2021,0.0036670756962941297
20-12-2021,0.0036579984869193425
21-12-2021,0.0037907517444308405
22-12-2021,0.003926518673062015
23-12-2021,0.004056423954589399
24-12-2021,0.003985301168609686
25-12-2021,0.0040767752095967925
26-12-2021,0.004168169492378503
27-12-2021,0.004156159670521974
28-12-2021,0.0038312349493360427
29-12-2021,0.0038073604329063896
30-12-2021,0.0038982357167814323
31-12-2021,0.0038873486520593615
01-01-2022,0.004067210732179547
02-01-2022,0.004093959075874639
03-01-2022,0.004270870310158754
04-01-2022,0.004252296553017855
05-01-2022,0.003956044763258489
06-01-2022,0.003999509503398438
07-01-2022,0.004029613653065694
08-01-2022,0.003859278105580379
09-01-2022,0.0038586602407850593
10-01-2022,0.00394370023390926
11-01-2022,0.004055233316933523
12-01-2022,0.0041965458008247575
13-01-2022,0.004227088107079022
14-01-2022,0.004293715847859385
15-01-2022,0.004301729928736055
16-01-2022,0.004434036320112693
17-01-2022,0.004484604921522991
18-01-2022,0.004427645637628351
19-01-2022,0.004250819355440694
20-01-2022,0.004176142620317355
21-01-2022,0.003914720645196496
22-01-2022,0.003581399171383901
23-01-2022,0.003578804777951132
24-01-2022,0.003641733567544677
25-01-2022,0.003695447045707765
26-01-2022,0.0036002642618538517
27-01-2022,0.0036239953594379096
28-01-2022,0.0037131479233133073
29-01-2022,0.0038204753353598166
30-01-2022,0.0038651602572825875
31-01-2022,0.003981136735042751
01-02-2022,0.00411996431897862
02-02-2022,0.0039364920864763935
03-02-2022,0.004007857786464416
04-02-2022,0.0041313421707448
05-02-2022,0.004121291421975162
06-02-2022,0.004149475821173111
07-02-2022,0.004175105880762823
08-02-2022,0.004175887703828925
09-02-2022,0.004160201410797548
10-02-2022,0.004013294434351201
11-02-2022,0.0039026086092688317
12-02-2022,0.003882569866780492
13-02-2022,0.0038837173117409205
14-02-2022,0.003881872155733557
15-02-2022,0.004071805453906888
16-02-2022,0.004041795574438276
17-02-2022,0.0038796471720027835
18-02-2022,0.003904125304282971
19-02-2022,0.003975936963628281
20-02-2022,0.003916811588557758
21-02-2022,0.0037538122765868316
22-02-2022,0.003828766840657241
23-02-2022,0.0037448922212891026
24-02-2022,0.0036986839729360858
25-02-2022,0.0038372105125916516
26-02-2022,0.003826137928712433
27-02-2022,0.003696044219957276
28-02-2022,0.003788531234411826
01-03-2022,0.003938107132330618
02-03-2022,0.003968449282239028
03-03-2022,0.003995663790290953
04-03-2022,0.0038930232228111023
05-03-2022,0.004008479325094658
06-03-2022,0.003992092443210393
07-03-2022,0.003932046105497191
08-03-2022,0.004059209119111446
09-03-2022,0.004098447949550767
10-03-2022,0.00399473854189535
11-03-2022,0.004172459489914521
12-03-2022,0.004222520236621439
13-03-2022,0.004223960459331001
14-03-2022,0.004305191791647986
15-03-2022,0.004331793148662092
16-03-2022,0.004362753238183321
17-03-2022,0.004460006950846505
18-03-2022,0.00449856107365773
19-03-2022,0.004630299850704606
20-03-2022,0.004650835559083056
21-03-2022,0.0047235157493735035
22-03-2022,0.004942661300353951
23-03-2022,0.005072491612215164
24-03-2022,0.005150671714517604
25-03-2022,0.0049936512992067245
26-03-2022,0.005142478699302573
27-03-2022,0.005221107708936437
28-03-2022,0.005063199123790913
29-03-2022,0.005172748708555114
30-03-2022,0.005406727074690408
31-03-2022,0.005304517583801887
01-04-2022,0.005275394278539579
02-04-2022,0.005230768877033306
03-04-2022,0.0053138256341759725
04-04-2022,0.005202287171333397
05-04-2022,0.005185228076391396
06-04-2022,0.00464348712312709
07-04-2022,0.004772877271821393
08-04-2022,0.004758308916174134
09-04-2022,0.004852696382505614
10-04-2022,0.004861789571847932
11-04-2022,0.00468815864819877
12-04-2022,0.004733393937031492
13-04-2022,0.004871608532199626
14-04-2022,0.004913543183071876
15-04-2022,0.004985439059498848
16-04-2022,0.0050523261475613635
17-04-2022,0.005008237730931939
18-04-2022,0.0050242932982498545
19-04-2022,0.0053642139597259355
20-04-2022,0.005392348454939895
21-04-2022,0.005221063418079671
22-04-2022,0.005254364645312018
23-04-2022,0.005373140404837686
24-04-2022,0.005415008382376907
25-04-2022,0.005452016694116398
26-04-2022,0.005312999087047719
27-04-2022,0.005527153398918637
28-04-2022,0.005498400393695483
29-04-2022,0.005245847837034735
30-04-2022,0.0049021939735245474
01-05-2022,0.004850642296668426
02-05-2022,0.004847155531951917
03-05-2022,0.004854203667971579
04-05-2022,0.0050659334125825834
05-05-2022,0.004722555033141022
06-05-2022,0.004798760170446199
07-05-2022,0.004758310870624404
08-05-2022,0.004943712643679851
09-05-2022,0.004315811239625616
10-05-2022,0.004113316690429437
11-05-2022,0.003651135213226533
12-05-2022,0.003370439370712021
13-05-2022,0.003638741049717027
14-05-2022,0.0038542994475801668
15-05-2022,0.004062754516874421
16-05-2022,0.004009297745552442
17-05-2022,0.004281113674939185
18-05-2022,0.004352801290205517
19-05-2022,0.004486566142033923
20-05-2022,0.004431994967038036
21-05-2022,0.004664350096631674
22-05-2022,0.004810386448035082
23-05-2022,0.004722409802373213
24-05-2022,0.004806414863577595
25-05-2022,0.004949960402423809
26-05-2022,0.004817177794148955
27-05-2022,0.004825561267872727
28-05-2022,0.005002992929905316
29-05-2022,0.005149466419176729
30-05-2022,0.005117327837192462
31-05-2022,0.004990792838695735
01-06-2022,0.004864800945164583
02-06-2022,0.004940264255187745
03-06-2022,0.005072164204403398
04-06-2022,0.005109984061159087
05-06-2022,0.005147178442018728
06-06-2022,0.0053005884145166235
07-06-2022,0.0051545460177877265
08-06-2022,0.004994132278479016
09-06-2022,0.005101405263091998
10-06-2022,0.005065219383106945
11-06-2022,0.004985674318438556
12-06-2022,0.004833667764928913
13-06-2022,0.004918925733557825
14-06-2022,0.004801641329829459
15-06-2022,0.005001249304833552
16-06-2022,0.00477615362863516
17-06-2022,0.004867763290597287
18-06-2022,0.00485599018792635
19-06-2022,0.004998092894956029
20-06-2022,0.0049532564779043685
21-06-2022,0.004867242022160715
22-06-2022,0.004745890138272267
23-06-2022,0.005023383964854882
24-06-2022,0.005156819903954861
25-06-2022,0.00515296254597521
26-06-2022,0.0048694187903033145
27-06-2022,0.004931123454359816
28-06-2022,0.004914454081148824
29-06-2022,0.004905328655681085
30-06-2022,0.004878214964064
01-07-2022,0.0048675999593221254
02-07-2022,0.004997892032748904
03-07-2022,0.005036408307911923
04-07-2022,0.0053092864325004615
05-07-2022,0.005177568600923437
06-07-2022,0.005367801833063496
07-07-2022,0.00551369098450058
08-07-2022,0.005316288108947472
09-07-2022,0.005485042335478906
10-07-2022,0.005262076794123978
11-07-2022,0.00508575808959277
12-07-2022,0.005133031262095663
13-07-2022,0.005188588946048871
14-07-2022,0.005251757449021826
15-07-2022,0.0051726645171774836
16-07-2022,0.0054062150205449995
17-07-2022,0.005332380864112298
18-07-2022,0.005560767380056832
19-07-2022,0.005471890132747803
20-07-2022,0.005110521244215488
21-07-2022,0.005355370508228942
22-07-2022,0.005236981095160928
23-07-2022,0.0053314196002753255
24-07-2022,0.005359372575213653
25-07-2022,0.0050485160967898264
26-07-2022,0.005164022998081089
27-07-2022,0.005633073257696653
28-07-2022,0.005829466346194685
29-07-2022,0.0055733861080814575
30-07-2022,0.005819568036267409
31-07-2022,0.005691311241834682
01-08-2022,0.005667961658853229
02-08-2022,0.005471594528494024
03-08-2022,0.005637595798900839
04-08-2022,0.005695101500023072
05-08-2022,0.006028355914167596
06-08-2022,0.006170188129206302
07-08-2022,0.006244561535604762
08-08-2022,0.006146909495456847
09-08-2022,0.005991317590307283
10-08-2022,0.006158635086524975
11-08-2022,0.006383899465525974
12-08-2022,0.006418890880089667
13-08-2022,0.006390130026652425
14-08-2022,0.0062551999325518625
15-08-2022,0.006215787972601358
16-08-2022,0.006290802930714386
17-08-2022,0.0062216173497730495
18-08-2022,0.005986449008289353
19-08-2022,0.00553814752559916
20-08-2022,0.005493331996011402
21-08-2022,0.005637895652449521
22-08-2022,0.0058260051721231295
23-08-2022,0.005938373643975878
24-08-2022,0.0057924082326034345
25-08-2022,0.005787457272280296
26-08-2022,0.005469479329038035
27-08-2022,0.005528525936045181
28-08-2022,0.005538056326325038
29-08-2022,0.005702513246983233
30-08-2022,0.005474123127240604
31-08-2022,0.005449116151492427
01-09-2022,0.005584831118163445
02-09-2022,0.0056072459082190185
03-09-2022,0.005853769748384233
04-09-2022,0.00598026794577879
05-09-2022,0.006190582809357735
06-09-2022,0.005733159193544922
07-09-2022,0.005775236105218658
08-09-2022,0.005961858343643716
09-09-2022,0.0060568500238251674
10-09-2022,0.006039954800656834
11-09-2022,0.005939914621323676
12-09-2022,0.006008650488047995
13-09-2022,0.005511747274166542
14-09-2022,0.005689533440254597
15-09-2022,0.005668844748995712
16-09-2022,0.005930931005436366
17-09-2022,0.006131233547436649
18-09-2022,0.005723092660978
19-09-2022,0.005917443219684125
20-09-2022,0.005968130533776197
21-09-2022,0.005731372301596383
22-09-2022,0.006219828900664149
23-09-2022,0.006190239305749604
24-09-2022,0.0062036178142533495
25-09-2022,0.006104711856577616
26-09-2022,0.006305441433401424
27-09-2022,0.006129439952477136
28-09-2022,0.006191682602341741
29-09-2022,0.006249351991962103
30-09-2022,0.006199721447722503
01-10-2022,0.0063831585826574265
02-10-2022,0.006315326322880074
03-10-2022,0.006539993138072752
04-10-2022,0.006712763022379471
05-10-2022,0.006671514444100283
06-10-2022,0.0066643350330128194
07-10-2022,0.00686649829462509
08-10-2022,0.006949016680511096
09-10-2022,0.00710704918622369
10-10-2022,0.0067169675172620924
11-10-2022,0.006668440796327047
12-10-2022,0.0068238962523495565
13-10-2022,0.006492393606823292
14-10-2022,0.006416556699556142
15-10-2022,0.006552138781347584
16-10-2022,0.006554724186775335
17-10-2022,0.006686432086677276
18-10-2022,0.006627145198049639
19-10-2022,0.00668044955921055
20-10-2022,0.006765074399755647
21-10-2022,0.0069230440883628515
22-10-2022,0.007009851835503113
23-10-2022,0.0069813852794285884
24-10-2022,0.007054953174267083
25-10-2022,0.006933519587979035
26-10-2022,0.0070777346336941774
27-10-2022,0.006946453351031639
28-10-2022,0.0072793372825244295
29-10-2022,0.007234411595137301
30-10-2022,0.00715827945277031
31-10-2022,0.007235806128877843
01-11-2022,0.007441062402171785
02-11-2022,0.007080100168306909
03-11-2022,0.007570050891036758
04-11-2022,0.0078116938525689605
05-11-2022,0.007803582353090527
06-11-2022,0.007462434324178062
07-11-2022,0.007307801072194424
08-11-2022,0.00570105534070764
09-11-2022,0.005317493702607315
10-11-2022,0.005079444344057994
11-11-2022,0.005001010678996651
12-11-2022,0.0049896414918494825
13-11-2022,0.005192008081606872
14-11-2022,0.005349046824453056
15-11-2022,0.005214953888509698
16-11-2022,0.005428039185381902
17-11-2022,0.005695215008865431
18-11-2022,0.005942035550586455
19-11-2022,0.005954750159527032
20-11-2022,0.00562642265623762
21-11-2022,0.005568016124215199
22-11-2022,0.00611547107342528
23-11-2022,0.00633694026296103
24-11-2022,0.006524164707259186
25-11-2022,0.006615115780726218
26-11-2022,0.006729328666922282
27-11-2022,0.006741217160669422
28-11-2022,0.006572276753010099
29-11-2022,0.006781744354352002
30-11-2022,0.006854370011460844
01-12-2022,0.006875790778345393
02-12-2022,0.006971705461624611
03-12-2022,0.00693065661459143
04-12-2022,0.0070186861058340565
05-12-2022,0.007121093438239331
06-12-2022,0.00718837595347979
07-12-2022,0.006983227990969968
08-12-2022,0.006887839850819794
09-12-2022,0.006857082251350111
10-12-2022,0.006984605681386585
11-12-2022,0.006911545308717142
12-12-2022,0.00675471992893956
13-12-2022,0.006447862746569672
14-12-2022,0.006315593794799051
15-12-2022,0.006553249729267608
16-12-2022,0.00581828885177227
17-12-2022,0.0060603298356763004
18-12-2022,0.006131684662152166
19-12-2022,0.006136232183716155
20-12-2022,0.006255434903927164
21-12-2022,0.006365291981316289
22-12-2022,0.006433794693442329
23-12-2022,0.006502212507869464
24-12-2022,0.006623056850028142
25-12-2022,0.006686691387913288
26-12-2022,0.006950050716828665
27-12-2022,0.00689995204028606
28-12-2022,0.006740918537221897
29-12-2022,0.006796961402497354
30-12-2022,0.006930510837146309
31-12-2022,0.007032666633350673
01-01-2023,0.007244761154409685
02-01-2023,0.0072330599299559465
03-01-2023,0.007479692358536054
04-01-2023,0.007467035279753346
05-01-2023,0.007412502189750643
06-01-2023,0.007541495282093774
07-01-2023,0.0077463112065446395
08-01-2023,0.007737065720166439
09-01-2023,0.007269966665200678
10-01-2023,0.007376695397114407
11-01-2023,0.007451982793402409
12-01-2023,0.007428315728024897
13-01-2023,0.007620910057909302
14-01-2023,0.007080068891126502
15-01-2023,0.007137545103356334
16-01-2023,0.006938322291116964
17-01-2023,0.007014486804222002
18-01-2023,0.0065287878372475155
19-01-2023,0.0067775455423247175
20-01-2023,0.007326645681676067
21-01-2023,0.007218012194038521
22-01-2023,0.007458112569048728
23-01-2023,0.0076864989752599665
24-01-2023,0.007100056129981143
25-01-2023,0.007576235438261394
26-01-2023,0.007703242542350308
27-01-2023,0.007945411966985727
28-01-2023,0.00792632495319447
29-01-2023,0.008192569402564019
30-01-2023,0.007491307773772756
31-01-2023,0.007777738188946549
01-02-2023,0.00802590766597936
02-02-2023,0.00793935310060922
03-02-2023,0.008230561610795781
04-02-2023,0.00825382745247208
05-02-2023,0.007893444973728785
06-02-2023,0.0077931099130540225
07-02-2023,0.008286225942208713
08-02-2023,0.007988275313180549
09-02-2023,0.006918870102627328
10-02-2023,0.0070446509448035734
11-02-2023,0.007358891673461803
12-02-2023,0.007188852420597362
13-02-2023,0.0072410087815475525
14-02-2023,0.0073485240056930514
15-02-2023,0.007674958585988569
16-02-2023,0.007284368706431933
17-02-2023,0.007690008911677023
18-02-2023,0.007954041107472453
19-02-2023,0.007863506138293244
20-02-2023,0.00824388127259238
21-02-2023,0.008013635958337512
22-02-2023,0.007807778891020403
23-02-2023,0.007848892089333035
24-02-2023,0.00762414834618745
25-02-2023,0.0074959941114650696
26-02-2023,0.00761583058295473
27-02-2023,0.007637501027971776
28-02-2023,0.007573946320872756
01-03-2023,0.008159172797397229
02-03-2023,0.008217671203092405
03-03-2023,0.007464697641084609
04-03-2023,0.00728242565445632
05-03-2023,0.0072967650141955494
06-03-2023,0.007529088227664421
07-03-2023,0.007558603686509829
08-03-2023,0.007388208991065856
09-03-2023,0.007165353839086518
10-03-2023,0.006928574489779292
11-03-2023,0.006836654159561481
12-03-2023,0.006904043943428065
13-03-2023,0.006903131820433392
14-03-2023,0.007113234574548968
15-03-2023,0.006608625481870987
16-03-2023,0.006713601602633576
17-03-2023,0.006966854713250895
18-03-2023,0.006838974747257515
19-03-2023,0.007003791547758911
20-03-2023,0.0067204016230647525
21-03-2023,0.006912674251039244
22-03-2023,0.006486783149881858
23-03-2023,0.007098488729113659
24-03-2023,0.0071051336798521715
25-03-2023,0.007258231912038671
26-03-2023,0.00726560038347396
27-03-2023,0.007373501078424949
28-03-2023,0.007671926351524602
29-03-2023,0.007956302774454962
30-03-2023,0.007778046873802599
31-03-2023,0.00813661137617583
01-04-2023,0.008133000199874653
02-04-2023,0.00788986618975345
03-04-2023,0.008005335063851258
04-04-2023,0.008289671972070017
05-04-2023,0.008409607104064909
06-04-2023,0.008505516036671679
07-04-2023,0.00845456223509212
08-04-2023,0.00838611836225471
09-04-2023,0.008402644831714915
10-04-2023,0.008674421158470048
11-04-2023,0.008774162026930262
12-04-2023,0.008517299724970834
13-04-2023,0.009218497649691708
14-04-2023,0.009532772468166443
15-04-2023,0.009735691944401544
16-04-2023,0.010006849278003528
17-04-2023,0.009904027497801466
18-04-2023,0.010209002631086941
19-04-2023,0.00868682052405368
20-04-2023,0.008614918280554492
21-04-2023,0.008355531799374736
22-04-2023,0.008493932654461725
23-04-2023,0.008199620371989343
24-04-2023,0.008217837401425494
25-04-2023,0.008468910307407889
26-04-2023,0.007858818332276552
27-04-2023,0.008047204262868379
28-04-2023,0.008199419411450394
29-04-2023,0.008357218805628178
30-04-2023,0.008196101598763073
01-05-2023,0.00827813443024139
02-05-2023,0.008391227412901506
03-05-2023,0.008366319545539425
04-05-2023,0.008512919140397562
05-05-2023,0.008675449563676113
06-05-2023,0.008511637447080639
07-05-2023,0.008509035056788397
08-05-2023,0.007847656487962517
09-05-2023,0.007997605382869062
10-05-2023,0.007812233557022926
11-05-2023,0.007930241523480987
12-05-2023,0.008028763339612714
13-05-2023,0.008097190492792247
14-05-2023,0.008304562231666262
15-05-2023,0.00848577716147743
16-05-2023,0.008793846058344665
17-05-2023,0.009103412155844126
18-05-2023,0.008877055584059337
19-05-2023,0.008986975429041814
20-05-2023,0.009078759283770589
21-05-2023,0.009055013034939488
22-05-2023,0.009296282106031915
23-05-2023,0.009342385114509839
24-05-2023,0.00927314155499913
25-05-2023,0.00936653031702297
26-05-2023,0.009486844936953573
27-05-2023,0.009648305535766849
28-05-2023,0.009747235236283873
29-05-2023,0.009634483153240305
30-05-2023,0.009948613618760475
31-05-2023,0.009805162619173507
01-06-2023,0.009977781294181972
02-06-2023,0.010294987780752142
03-06-2023,0.010263433105867173
04-06-2023,0.010485605106649866
05-06-2023,0.009208547880553437
06-06-2023,0.009322136265680167
07-06-2023,0.00912382182579867
08-06-2023,0.00920798919677278
09-06-2023,0.009448614108506153
10-06-2023,0.006957248205198207
11-06-2023,0.0070582639058990445
12-06-2023,0.00722200468548451
13-06-2023,0.007139191466995809
14-06-2023,0.006958122025403156
15-06-2023,0.007135300873329328
16-06-2023,0.0072441748672723814
17-06-2023,0.007393004636871643
18-06-2023,0.0072375313379666765
19-06-2023,0.0074020696658177254
20-06-2023,0.007727214758962718
21-06-2023,0.007873325806416363
22-06-2023,0.007758022879558314
23-06-2023,0.008062808524209318
24-06-2023,0.008020711195996072
25-06-2023,0.008172326039812208
26-06-2023,0.008298346797742545
27-06-2023,0.00858064247449879
28-06-2023,0.008095251454079628
29-06-2023,0.008509003466367187
30-06-2023,0.008580346072818101
01-07-2023,0.008912268652505256
02-07-2023,0.009139349509223784
03-07-2023,0.009327914229730809
04-07-2023,0.009254788153778462
05-07-2023,0.008969779866112892
06-07-2023,0.008762379565447054
07-07-2023,0.008946532457203504
08-07-2023,0.009076494767381888
09-07-2023,0.009057141433810227
10-07-2023,0.00884538316481911
11-07-2023,0.009159176049049369
12-07-2023,0.009101037941636683
13-07-2023,0.009389164678071821
14-07-2023,0.00897054313556578
15-07-2023,0.00945174396737172
16-07-2023,0.009454013430464482
17-07-2023,0.009492176731930639
18-07-2023,0.00938167123073862
19-07-2023,0.009587974357283313
20-07-2023,0.009695515576243072
21-07-2023,0.009854186037434329
22-07-2023,0.00955105909394879
23-07-2023,0.00953299325939781
24-07-2023,0.009116917757695187
25-07-2023,0.009458828183934391
26-07-2023,0.0094619649046757
27-07-2023,0.00955437711619767
28-07-2023,0.009724809453639275
29-07-2023,0.009927031666728947
30-07-2023,0.009743154375674025
31-07-2023,0.009705321975449916
01-08-2023,0.009766498384287654
02-08-2023,0.00970173860213461
03-08-2023,0.00987019055946816
04-08-2023,0.00984914470537228
05-08-2023,0.010071144570208827
06-08-2023,0.01002656510772146
07-08-2023,0.00987128856073879
08-08-2023,0.009682458731866397
09-08-2023,0.00971594899644993
10-08-2023,0.010038950802745573
11-08-2023,0.010341502177070895
12-08-2023,0.010572363858205144
13-08-2023,0.010223813832065099
14-08-2023,0.010333935694359257
15-08-2023,0.009559784735919294
16-08-2023,0.00896596654057989
17-08-2023,0.007648843556580006
18-08-2023,0.007555856899266025
19-08-2023,0.007667154121311858
20-08-2023,0.007718973630118311
21-08-2023,0.00776240837903758
22-08-2023,0.007759873401768935
23-08-2023,0.007840651750049957
24-08-2023,0.007872363575344547
25-08-2023,0.0077183142666755345
26-08-2023,0.007850836999161493
27-08-2023,0.008000827180268979
28-08-2023,0.007800187818470175
29-08-2023,0.007860494304860634
30-08-2023,0.007950515210281102
31-08-2023,0.007831538459285815
01-09-2023,0.00758825147116768
02-09-2023,0.007442105582317131
03-09-2023,0.007527740830227028
04-09-2023,0.0073984348292727275
05-09-2023,0.007684738567109198
06-09-2023,0.007771833694588428
07-09-2023,0.00797920009087623
08-09-2023,0.00796664374511905
09-09-2023,0.007838706768674568
10-09-2023,0.0076435336567822285
11-09-2023,0.00756258229072864
12-09-2023,0.007545357602302085
13-09-2023,0.007820228799967266
14-09-2023,0.007968759784139193
15-09-2023,0.00825055585170525
16-09-2023,0.00818258113164779
17-09-2023,0.0077728998494764855
18-09-2023,0.00785231972451097
19-09-2023,0.008109589641386649
20-09-2023,0.008164576729933853
21-09-2023,0.008183621255415703
22-09-2023,0.008341740444212497
23-09-2023,0.008327256058039008
24-09-2023,0.008275258100125107
25-09-2023,0.00852596920466608
26-09-2023,0.008709354784439668
27-09-2023,0.008612107667743422
28-09-2023,0.008737720188276527
29-09-2023,0.008875181059171325
30-09-2023,0.009055524963985257
01-10-2023,0.009201092189218775
02-10-2023,0.008860735529144587
03-10-2023,0.008587615094102205
04-10-2023,0.008510240542978633
05-10-2023,0.008528751291579317
06-10-2023,0.008760570881448049
07-10-2023,0.008716906467591141
08-10-2023,0.008762238103421622
09-10-2023,0.008364112633190772
10-10-2023,0.008407248572778117
11-10-2023,0.008573297952832013
12-10-2023,0.00866430805284249
13-10-2023,0.008622345694685308
14-10-2023,0.008889733016047577
15-10-2023,0.008775466258240218
16-10-2023,0.008596927886304373
17-10-2023,0.008627627008522298
18-10-2023,0.008541011110705616
19-10-2023,0.00862133657926899
20-10-2023,0.008861629334069197
21-10-2023,0.009173895592062577
22-10-2023,0.00931596532809471
23-10-2023,0.009379157012382034
24-10-2023,0.009109297485876987
25-10-2023,0.009555617503187815
26-10-2023,0.009499883090581028
27-10-2023,0.009445946017125825
28-10-2023,0.009680316716375101
29-10-2023,0.009860488770366646
30-10-2023,0.010046589377512603
31-10-2023,0.009856820315193922
01-11-2023,0.010027330725876488
02-11-2023,0.009671362687164616
03-11-2023,0.009859671484654314
04-11-2023,0.010177672117177546
05-11-2023,0.010061441288853513
06-11-2023,0.010510798118997692
07-11-2023,0.010259017120115324
08-11-2023,0.010576571490795232
09-11-2023,0.009438128923701798
10-11-2023,0.00984666381816349
11-11-2023,0.009981614798570486
12-11-2023,0.010061020923956153
13-11-2023,0.009555305709536022
14-11-2023,0.009465066557660357
15-11-2023,0.009904901282289144
16-11-2023,0.009556916685387828
17-11-2023,0.00938267454902122
18-11-2023,0.009186168845568997
19-11-2023,0.009438710649230858
20-11-2023,0.009377200105308
21-11-2023,0.008895245607936964
22-11-2023,0.009290405386947836
23-11-2023,0.009394758563955986
24-11-2023,0.009514176300407885
25-11-2023,0.009908236319448335
26-11-2023,0.009681823792012262
27-11-2023,0.00960393904269793
28-11-2023,0.009649941277015144
29-11-2023,0.009848875470509555
30-11-2023,0.010027228667599272
01-12-2023,0.010217610794006442
02-12-2023,0.010698483899952777
03-12-2023,0.010636018828879549
04-12-2023,0.010744726792320018
05-12-2023,0.010824070044368217
06-12-2023,0.010427957499753403
07-12-2023,0.01079685574383596
08-12-2023,0.011082399203440532
09-12-2023,0.010784457408339398
10-12-2023,0.01098294498069231
11-12-2023,0.00999139258084628
12-12-2023,0.01019410852419666
13-12-2023,0.009898370926583628
14-12-2023,0.010314052005910688
15-12-2023,0.010177531709331264
16-12-2023,0.01050062615288755
17-12-2023,0.01035562307455291
18-12-2023,0.010139930246802252
19-12-2023,0.01025844345342916
20-12-2023,0.010547380447923119
21-12-2023,0.010736034483004003
22-12-2023,0.011121082066727097
23-12-2023,0.01125913521762977
24-12-2023,0.011113517801358667
25-12-2023,0.011583522125669574
26-12-2023,0.011091923506062838
27-12-2023,0.011380617720691119
28-12-2023,0.011102703243268936
29-12-2023,0.011052658370805941
30-12-2023,0.01112321442899148
31-12-2023,0.0108848614455211
01-01-2024,0.011088544465929743
02-01-2024,0.01111991813207824
03-01-2024,0.009103843957362091
04-01-2024,0.009172149832566041
05-01-2024,0.008956248415301123
06-01-2024,0.008843465386213986
07-01-2024,0.008439346142809561
08-01-2024,0.008444033379302553
09-01-2024,0.008282402139849206
10-01-2024,0.008625028584948461
11-01-2024,0.008998004809862821
12-01-2024,0.00882873415208281
13-01-2024,0.009021035176194661
14-01-2024,0.008870685143525249
15-01-2024,0.009128674436070206
16-01-2024,0.009368229098555145
17-01-2024,0.009593372170459665
18-01-2024,0.009354336143266211
19-01-2024,0.009252533185429589
20-01-2024,0.009375422770548899
21-01-2024,0.00936770887790043
22-01-2024,0.009146382376138107
23-01-2024,0.008814419558878642
24-01-2024,0.008979323999843337
25-01-2024,0.009008566854929219
26-01-2024,0.009182764093364989
27-01-2024,0.009351850178916378
28-01-2024,0.009161987517505852
29-01-2024,0.009592208301721642
30-01-2024,0.009608470812979743
31-01-2024,0.009369249786257434
01-02-2024,0.009602175685854558
02-02-2024,0.00980782089667649
03-02-2024,0.009860126253731347
04-02-2024,0.00979339849246878
05-02-2024,0.009907313740923625
06-02-2024,0.010078879879133688
07-02-2024,0.010261723119858237
08-02-2024,0.010230825290683492
09-02-2024,0.01040746010141461
10-02-2024,0.010480124180649643
11-02-2024,0.010583135631642359
12-02-2024,0.010709308875764429
13-02-2024,0.010740665961962173
14-02-2024,0.011094299843567188
15-02-2024,0.011005438128242517
16-02-2024,0.010916271916252423
17-02-2024,0.010897925522913961
18-02-2024,0.01111331224222098
19-02-2024,0.011476472440126723
20-02-2024,0.010998989860467549
21-02-2024,0.010840381136898234
22-02-2024,0.011144091125882783
23-02-2024,0.011231495800543582
24-02-2024,0.011531761986896606
25-02-2024,0.011670529524971916
26-02-2024,0.011693583781562879
27-02-2024,0.011816353774288283
28-02-2024,0.011305854604084009
29-02-2024,0.011597948057060265
01-03-2024,0.012217913078713623
02-03-2024,0.012593336032544778
03-03-2024,0.012397527433682273
04-03-2024,0.012321059304930814
05-03-2024,0.010873772165069837
06-03-2024,0.011116739389898234
07-03-2024,0.011510956175465877
08-03-2024,0.011691829937189218
09-03-2024,0.012255053053829746
10-03-2024,0.012012628092492837
11-03-2024,0.012095673614690768
12-03-2024,0.012110069179751553
13-03-2024,0.012250128882441575
14-03-2024,0.012460734383639057
15-03-2024,0.011699505874553777
16-03-2024,0.011563652073322784
17-03-2024,0.011679004691360788
18-03-2024,0.011379252815189396
19-03-2024,0.010963383316621568
20-03-2024,0.011008794312053368
21-03-2024,0.011047938372772423
22-03-2024,0.011060652418733639
23-03-2024,0.011174268448772765
24-03-2024,0.011361646264735849
25-03-2024,0.011750556770990078
26-03-2024,0.01209874754619783
27-03-2024,0.012281365650168945
28-03-2024,0.012689596746808167
29-03-2024,0.012826900149947952
30-03-2024,0.012893772045706294
31-03-2024,0.013191744473645498
01-04-2024,0.012614919045941465
02-04-2024,0.012149826737411353
03-04-2024,0.011843327734748296
04-04-2024,0.011848296743316894
05-04-2024,0.01167279263627297
06-04-2024,0.011730745935768363
07-04-2024,0.011900669599962789
08-04-2024,0.01229671617968366
09-04-2024,0.011979281439155453
10-04-2024,0.011955778836353006
11-04-2024,0.011845700830141147
12-04-2024,0.009616704463062644
13-04-2024,0.007837362912276965
14-04-2024,0.007877431857427154
15-04-2024,0.007551562816339947
16-04-2024,0.007535848696712863
17-04-2024,0.007470017570570007
18-04-2024,0.0075850369648112126
19-04-2024,0.00768966210809671
20-04-2024,0.007954484620541212
21-04-2024,0.007867552180027335
22-04-2024,0.008053165028452174
23-04-2024,0.008154798631894793
24-04-2024,0.008022758066387263
25-04-2024,0.008101554869328622
26-04-2024,0.00809523337661752
27-04-2024,0.00806007791164565
28-04-2024,0.008046605637058305
29-04-2024,0.008070155385388359
30-04-2024,0.007951567359469105
01-05-2024,0.00778664059284776
02-05-2024,0.00795336459183159
03-05-2024,0.00811741468529828
04-05-2024,0.008229247088665563
05-05-2024,0.008279350737139791
06-05-2024,0.00829131089338914
07-05-2024,0.00816539510023555
08-05-2024,0.008137143019450998
09-05-2024,0.008367922685334069
10-05-2024,0.008361312035051437
11-05-2024,0.00837696205339161
12-05-2024,0.008424856197881228
13-05-2024,0.008446132932151061
14-05-2024,0.00851413210582516
15-05-2024,0.00875775882371284
16-05-2024,0.008896769090321537
17-05-2024,0.009092917493354225
18-05-2024,0.00917641949972653
19-05-2024,0.00899109726013254
20-05-2024,0.009449063460917373
21-05-2024,0.009671088538728445
22-05-2024,0.009614160869954655
23-05-2024,0.009440398209866708
24-05-2024,0.009618683797708482
25-05-2024,0.009910832222468356
26-05-2024,0.010042414746705015
27-05-2024,0.01031655075770512
28-05-2024,0.01035444333024276
29-05-2024,0.010199003709109486
30-05-2024,0.01016459480883199
31-05-2024,0.01026591492301057
01-06-2024,0.010521086185789551
02-06-2024,0.0104540506916598
03-06-2024,0.010541706711229141
04-06-2024,0.010900022708217957
05-06-2024,0.01114221821743264
06-06-2024,0.011086321248135321
07-06-2024,0.00963593203358687
08-06-2024,0.009526680460855738
09-06-2024,0.00963260259025166
10-06-2024,0.009433389729210167
11-06-2024,0.009211235039226927
12-06-2024,0.00928604019461089
13-06-2024,0.009139873758274176
14-06-2024,0.008985112877589577
15-06-2024,0.009142343821722236
16-06-2024,0.009230158035731175
17-06-2024,0.009124867000789405
18-06-2024,0.008306539915561548
19-06-2024,0.008353799178560429
20-06-2024,0.008338290209504594
21-06-2024,0.008436188798545711
22-06-2024,0.008543410655201446
23-06-2024,0.008426086767560433
24-06-2024,0.008598554436584624
25-06-2024,0.008751254957947848
26-06-2024,0.008745552386469192
27-06-2024,0.00883560676656696
28-06-2024,0.008663221876086289
29-06-2024,0.008629549387713984
30-06-2024,0.008789630563104008
01-07-2024,0.00881448834008934
02-07-2024,0.00897413270061157
03-07-2024,0.00868596341605243
04-07-2024,0.00828625215093398
05-07-2024,0.0076076107645451415
06-07-2024,0.007791244466533465
07-07-2024,0.007534310935738781
08-07-2024,0.0075639075493828
09-07-2024,0.0077275901830998394
10-07-2024,0.007863141920911093
11-07-2024,0.007733545770409283
12-07-2024,0.007842153581734315
13-07-2024,0.007962259370730761
14-07-2024,0.008136198363967397
15-07-2024,0.008492096892896464
16-07-2024,0.00853153109239864
17-07-2024,0.008583126417105826
18-07-2024,0.008647035733032622
19-07-2024,0.008916313036237952
20-07-2024,0.00903813013720916
21-07-2024,0.009160082343229924
22-07-2024,0.008956551371429018
23-07-2024,0.008776222841248018
24-07-2024,0.008733643297215727
25-07-2024,0.008462249658064622
26-07-2024,0.008879072499354839
27-07-2024,0.0086911463340674
28-07-2024,0.008684223859018627
29-07-2024,0.008777452738785845
30-07-2024,0.008658359750342818
31-07-2024,0.008566872152611628
01-08-2024,0.00836894480349414
02-08-2024,0.008164724587438391
03-08-2024,0.007836377157840139
04-08-2024,0.007659160458088525
05-08-2024,0.006655522667090623
06-08-2024,0.0070506791287793386
07-08-2024,0.0070296540087379554
08-08-2024,0.00747633873113701
09-08-2024,0.007413156179587998
10-08-2024,0.007546718335065295
11-08-2024,0.007241809400653886
12-08-2024,0.007437771700676115
13-08-2024,0.007498627818990127
14-08-2024,0.00741516444765951
15-08-2024,0.007335299709691714
16-08-2024,0.00735194674291009
17-08-2024,0.007531345892154968
18-08-2024,0.0075121510125585305
19-08-2024,0.007688416802071627
20-08-2024,0.007735710032633451
21-08-2024,0.007800125396889099
22-08-2024,0.007877904639894948
23-08-2024,0.008335314144862162
24-08-2024,0.00852767711964682
25-08-2024,0.008486963940088707
26-08-2024,0.008215259220636421
27-08-2024,0.007753249668726236
28-08-2024,0.007576046766029426
29-08-2024,0.007638089721915552
30-08-2024,0.007557653493327961
31-08-2024,0.00756237373306659
01-09-2024,0.0073696681697274545
02-09-2024,0.007607967281010757
03-09-2024,0.007591736244118584
04-09-2024,0.007618035219481567
05-09-2024,0.007686422979554615
06-09-2024,0.007496054025818517
07-09-2024,0.007642897161060094
08-09-2024,0.007813882660981427
09-09-2024,0.00803464976284536
10-09-2024,0.008110324836590861
11-09-2024,0.007939185009407487
12-09-2024,0.008205721934094658
13-09-2024,0.008420253476799045
14-09-2024,0.008440324335938991
15-09-2024,0.008253705259894313
16-09-2024,0.008214218160786355
17-09-2024,0.008324067878200994
18-09-2024,0.008478331883367546
19-09-2024,0.008912428384674731
20-09-2024,0.009260361628819182
21-09-2024,0.009476705480992258
22-09-2024,0.009008086616341978
23-09-2024,0.009108278635992789
24-09-2024,0.009568279864246321
25-09-2024,0.009614509532289916
26-09-2024,0.009969144431799092
27-09-2024,0.010200277040706347
28-09-2024,0.010362507723946946
29-09-2024,0.01057653862579148
30-09-2024,0.01033918511959533
01-10-2024,0.011332282445757484
02-10-2024,0.01010252202683428
03-10-2024,0.009085085715568361
04-10-2024,0.009353071934119998
05-10-2024,0.009384055079902111
06-10-2024,0.009623539439219262
