,portfolio_value,portfolio_cum_return,benchmark_cum_return,1000PEPE_cum_return,AAVE_cum_return,AERO_cum_return,DOGE_cum_return,HNT_cum_return,LINK_cum_return,PRIME_cum_return,SOL_cum_return,SUI_cum_return,1000PEPE_position,AAVE_position,AERO_position,DOGE_position,HNT_position,LINK_position,PRIME_position,SOL_position,SUI_position
2024-02-17,100.0,0.0,0.0,0.0,0.0,0.0,0.0,0.0,0.0,0.0,0.0,0.0,1.0,0.0,0.0,0.0,0.0,0.0,1.0,0.0,0.0
2024-02-18,100.0,0.0,0.009433823492409399,0.03204047217537953,0.008199339793419247,-0.006576644407376819,0.019988031119090532,0.024992352426250086,0.004242363745258437,0.07836463041631636,0.03061243211507425,0.01810261922271872,1.0,0.0,0.0,0.0,1.0,0.0,1.0,0.0,0.0
2024-02-19,97.0642329941972,-0.02935767005802803,0.0023386653794297274,0.03709949409780777,0.024810989245021897,0.0009916387116322145,0.07049670855774992,0.02266063110444816,-0.00988221201836692,-0.019443264454429232,0.024310142374871724,0.0032810997341177206,1.0,0.0,0.0,1.0,1.0,0.0,1.0,0.0,0.0
2024-02-20,95.69123259328768,-0.043087674067123216,0.011831715190311787,0.00590219224283306,-0.0004259397295282019,-0.017233894426866403,0.030760023937761893,0.017449799249916964,-0.037183070473148394,-0.0040334036714690935,-0.005412446792895875,-0.028737908016066016,1.0,0.0,0.0,0.0,0.0,0.0,1.0,0.0,0.0
2024-02-21,91.20118741503883,-0.08798812584961169,0.0035893858695295044,-0.02866779089376048,-0.023320200191672802,-0.04968426705780782,0.012327947336923994,-0.033914216508867834,-0.07217009383110407,-0.06327080835714494,-0.03573132247174515,-0.04271086722860218,1.0,0.0,0.0,0.0,0.0,0.0,1.0,0.0,0.0
2024-02-22,93.30634627300574,-0.06693653726994253,-0.00788755206012759,0.0185497470488194,-0.02108401661164938,-0.04935374912805934,0.006463195691202905,-0.07588245267001581,-0.09537831902575367,-0.06556199901375737,-0.0660777190664904,-0.02771963568478819,1.0,0.0,0.0,0.0,0.0,0.0,1.0,0.0,0.0
2024-02-23,92.73151202075557,-0.07268487979244431,-0.017790540898869667,0.006745362563237656,0.00798636992865509,0.025850884101493055,0.011370436864153177,-0.12761861982206335,-0.10451187861848676,-0.0662460408672304,-0.08288382504036396,-0.09294563557164681,1.0,1.0,0.0,1.0,0.0,0.0,1.0,0.0,0.0
2024-02-24,97.61353611041584,-0.023864638895841672,-0.0018497579269395326,0.10539629005059026,0.07698860611223513,0.15083090610997885,0.031238779174147302,-0.0573609754538833,-0.07496506288680382,-0.04337182831536879,-0.04489578746514011,-0.07450359223850211,1.0,1.0,0.0,1.0,0.0,0.0,1.0,0.0,0.0
2024-02-25,98.43761473676823,-0.015623852632317803,0.001253817291065662,0.1602023608768972,0.06910872111596222,0.11526889230125903,0.030999401555954487,-0.10578349927330244,-0.06538231183869048,-0.05127618382628407,-0.049895420519594835,-0.06912937715675738,1.0,1.0,0.0,1.0,0.0,0.0,1.0,0.0,0.0
2024-02-26,108.2602816832325,0.08260281683232495,0.05549583460915075,0.5236087689713322,0.09466510488765834,0.36275565672265153,0.06822262118491906,-0.02035760726498137,-0.04731483330005992,-0.026696947765033285,0.00941215323645972,-0.054986705889008336,1.0,1.0,0.0,0.0,0.0,0.0,1.0,0.0,0.0
2024-02-27,130.31148074552968,0.30311480745529673,0.10472703441436204,1.241146711635666,0.1155361516345439,1.4962159433628823,0.16888090963494906,-0.04559073360330679,-0.05000998203234186,0.09111882897454548,-0.005118890356671013,-0.08649657747355322,1.0,1.0,1.0,1.0,0.0,0.0,1.0,0.0,0.0
2024-02-28,145.20157702217287,0.4520157702217287,0.210053686915745,1.6812816188870152,0.11191566393355346,1.9474889214500193,0.3870736086175943,0.011813288074079331,-0.029646636055100872,0.1028303519986693,0.09556179362982542,-0.10425977258584607,1.0,0.0,1.0,1.0,0.0,0.0,0.0,0.0,0.0
2024-02-29,150.3614072174138,0.5036140721741382,0.18412049497718241,1.305227655986509,0.1266105846022787,2.638224517466752,0.404428485936565,-0.04250422779043839,-0.03783190257536451,0.120131039672986,0.15375935711140487,-0.051366182044464526,1.0,0.0,1.0,1.0,0.0,0.0,1.0,0.0,0.0
2024-03-01,212.33047869838643,1.1233047869838644,0.20846309251963846,2.367622259696459,0.1776168672132894,6.005858455781508,0.6685816876122084,-0.032551594918551086,0.0014973048512676446,0.20297801451572695,0.18758256274768814,-0.04378571024495115,1.0,1.0,1.0,1.0,0.0,0.0,1.0,0.0,0.0
2024-03-02,209.97286326223622,1.0997286326223623,0.2008964464596017,2.689713322091062,0.2373549142796294,4.731324250827441,0.7006582884500299,-0.06030521502453634,0.0687262926731882,0.15583476673891705,0.194260971671804,-0.08298919499915147,1.0,1.0,1.0,1.0,0.0,0.0,1.0,0.0,0.0
2024-03-03,227.85753684871287,1.2785753684871288,0.22235553520269136,3.9763912310286678,0.19923330848684917,4.964939622730598,0.8397366846199883,-0.05765436141690661,0.023757236973447782,0.13899303792277307,0.19711397328636449,-0.11806301974316913,1.0,1.0,1.0,1.0,0.0,0.0,0.0,0.0,0.0
2024-03-04,236.68174353230302,1.3668174353230302,0.32311092237829664,4.919898819561552,0.21616441273559794,3.5740304963085086,1.1789347695990422,-0.08199918873642131,0.019914154521860628,0.1197601536359012,0.22422207544400408,-0.15890705436442842,1.0,0.0,0.0,1.0,0.0,0.0,0.0,0.0,0.0
2024-03-05,205.6531941199619,1.0565319411996192,0.23486448205423183,4.309443507588533,0.12543925034607595,3.618665702854191,0.8323159784560143,-0.112785481434866,-0.053503693351966586,0.08715901151447625,0.14998899163364166,-0.21016009503875088,1.0,0.0,0.0,1.0,0.0,0.0,0.0,0.0,0.0
2024-03-06,223.76008306951144,1.2376008306951145,0.2797971285687244,5.077571669477234,0.35864125226280485,4.5299885575575916,0.8898862956313587,-0.11629033955227452,0.003044519864244366,0.10938709244518252,0.20097607515044769,-0.16563896588787685,1.0,1.0,0.0,1.0,0.0,0.0,0.0,0.0,0.0
2024-03-07,223.28603981511444,1.2328603981511446,0.29558945864435215,4.742833052276476,0.42647215419018214,3.759295137395081,0.8876122082585278,-0.08095335885713195,0.003094430025953221,0.1860288253262261,0.3209764420959931,-0.1062397465633309,1.0,1.0,0.0,1.0,0.0,0.0,0.0,1.0,0.0
2024-03-08,243.58341584527938,1.4358341584527938,0.3217371040498027,6.600337268128161,0.4131615376424238,3.386634643000722,0.9694793536804309,-0.05279990751676611,-0.01612098223198244,0.22986112602615294,0.32906759136944075,-0.12660519318888952,1.0,1.0,0.0,1.0,0.0,0.0,0.0,1.0,0.0
2024-03-09,246.3928096736764,1.463928096736764,0.32543081340187063,6.3929173693086,0.39846661697369834,4.630348475617679,1.140754039497307,-0.02263580065873949,-0.002545418247155262,0.35753860825627193,0.32489358579186867,-0.10403348984556204,1.0,1.0,0.0,1.0,0.0,0.0,1.0,1.0,0.0
2024-03-10,244.0602365115472,1.4406023651154722,0.3361170993349232,6.207419898819562,0.3510808220636781,5.354161341325322,1.0342309994015562,-0.031978357620697895,0.0824016769814333,0.4402059779679568,0.32556326141200653,-0.12015613509079603,1.0,1.0,0.0,1.0,0.0,0.0,1.0,1.0,0.0
2024-03-11,255.62377179695358,1.5562377179695357,0.3957084532214665,6.626475548060708,0.4571398147162178,6.911014926128563,1.1808497905445843,-0.08989150519923073,0.06323617488520661,0.4352940803388454,0.3674409217672099,-0.11087854273915254,1.0,1.0,1.0,1.0,0.0,0.0,1.0,0.0,0.0
2024-03-12,250.29206369961713,1.5029206369961714,0.3834170566377797,5.986509274873525,0.44148652965605373,7.407527588311215,1.0132854578096948,-0.13075885709121915,0.033689359153523446,0.44166717958394175,0.38706333480111543,-0.09526503365955763,1.0,1.0,1.0,1.0,0.0,0.0,1.0,1.0,0.0
2024-03-13,262.4055934706273,1.624055934706273,0.41552914070353886,6.613827993254637,0.5195399850921094,7.7203368225677504,1.023219628964692,-0.11744007059987716,0.035935316430425246,0.46948449723752606,0.5049812857771907,-0.08287605362900952,1.0,1.0,1.0,1.0,0.0,0.0,1.0,1.0,0.0
2024-03-14,264.1982887527436,1.641982887527436,0.3812618767155793,7.406408094435076,0.4850388670003196,7.051371250273238,1.1226810293237581,-0.1497266208633139,0.042822918746256544,0.33598829885544257,0.6223671657126084,-0.11342422356734749,1.0,1.0,1.0,1.0,0.0,0.0,0.0,1.0,0.0
2024-03-15,250.90491113222404,1.5090491113222404,0.345306082000967,6.526981450252951,0.3752529017144075,6.754564790600926,0.9582286056253742,-0.14760987624872213,-0.019964064683569704,0.6277398251026567,0.6893714222809335,-0.15556938394523967,1.0,1.0,0.0,1.0,0.0,0.0,1.0,1.0,0.0
2024-03-16,229.8671177231539,1.298671177231539,0.2629958220283968,5.266441821247892,0.26525396656373124,6.0551440122329,0.7053261520047875,-0.24593996771634996,-0.09562786983429827,0.575761437106276,0.6712901805372082,-0.07552186456977994,1.0,1.0,0.0,0.0,0.0,0.0,1.0,1.0,0.0
2024-03-17,256.10910052426016,1.5610910052426017,0.322791564778689,5.6172006745362575,0.3517197316579703,8.110983199124824,0.8466786355475764,-0.203058958265109,-0.06847674186464359,0.9283738773418038,0.8527264054014383,-0.08440346212592631,1.0,1.0,1.0,1.0,0.0,0.0,1.0,1.0,0.0
2024-03-18,239.31239087830994,1.3931239087830996,0.30865079736818357,4.745362563237774,0.3144500053242467,7.327467517611629,0.7181328545780972,-0.24933263088952218,-0.08634457975643839,0.8324137098967761,0.7993450022016733,-0.13808904225830176,0.0,1.0,0.0,0.0,0.0,0.0,1.0,1.0,0.0
2024-03-19,217.34133996168632,1.1734133996168632,0.19819622956740401,4.561551433389545,0.1644127355979128,7.070668334089426,0.541711549970078,-0.3220571393331967,-0.16096027151127978,0.7818865774858481,0.558757155438133,-0.06862024099111841,0.0,1.0,1.0,0.0,0.0,0.0,1.0,1.0,1.0
2024-03-20,245.270062769594,1.4527006276959402,0.31340748365179416,6.066610455311973,0.2789905228410181,8.513005099249643,0.8201077199281868,-0.2343007471725348,-0.0808544619684568,1.0861502101423275,0.7605680317040953,-0.007919895909939467,1.0,1.0,1.0,1.0,0.0,0.0,1.0,1.0,1.0
2024-03-21,244.11891013398693,1.4411891013398694,0.26745676381976446,5.655986509274873,0.31381109572995425,8.639786070316756,0.8600837821663674,-0.29489288613836295,-0.07885805550009994,1.056518102280077,0.6469892118009688,0.03320699213667466,1.0,1.0,1.0,1.0,0.0,0.0,1.0,1.0,1.0
2024-03-22,231.8714581225462,1.318714581225462,0.23513119403741944,5.259696458684655,0.2668512405494623,8.099573706602325,0.8308797127468581,-0.30466844943839433,-0.08300059892194056,0.8338591996674278,0.6077443857331573,-0.020591729365842637,0.0,1.0,1.0,1.0,0.0,0.0,1.0,1.0,1.0
2024-03-23,230.570499084394,1.3057049908439398,0.23869832165000648,5.172006745362563,0.292727079118305,8.323785792450705,0.9382405745062836,-0.3119329830340891,-0.09832301856658032,0.7003820284741882,0.5845167327168648,-0.06969508400746727,0.0,1.0,1.0,1.0,0.0,0.0,1.0,1.0,1.0
2024-03-24,249.89493997460804,1.4989493997460803,0.30075182585449434,5.5843170320403885,0.32914492599297196,10.146100644238212,1.1125074805505686,-0.28183436138841267,-0.07536434418047522,0.8761984426245932,0.688123807426978,-0.05057419245347072,0.0,1.0,1.0,1.0,0.0,0.0,1.0,1.0,0.0
2024-03-25,268.91039433433923,1.689103943343392,0.3527267913154861,5.825463743676223,0.35267809604940914,14.89027076483989,1.098623578695392,-0.2934331306938298,-0.03259133559592742,0.7179397994159518,0.7354781300455013,-0.03626180913050858,0.0,1.0,1.0,1.0,0.0,0.0,0.0,1.0,0.0
2024-03-26,283.467085164718,1.8346708516471804,0.35470332453196685,5.771500843170321,0.3930358854222127,17.11043680848762,1.1812088569718733,-0.3321283274069301,-0.0011479337193052164,0.6708408763404259,0.7487065169528841,0.06680997906884656,0.0,1.0,1.0,1.0,0.0,0.0,0.0,1.0,1.0
2024-03-27,294.7178570450516,1.9471785704505158,0.3439334249728354,5.431703204047133,0.3308486849110852,19.267878497804503,1.280071813285458,-0.3521407507709141,-0.03698342982631264,0.566883091330074,0.7104065756641715,0.1740679979634554,0.0,1.0,1.0,1.0,0.0,0.0,0.0,1.0,1.0
2024-03-28,298.4597185415978,1.984597185415978,0.3703572663144312,5.771500843170321,0.36151634543712063,17.08536092608882,1.6349491322561343,-0.30521349807452103,-0.043621481333599665,0.7611215720609372,0.7416336415675915,0.14380268145047226,0.0,1.0,1.0,1.0,0.0,0.0,0.0,1.0,1.0
2024-03-29,289.10322869365115,1.8910322869365115,0.35298750324680217,5.532883642495784,0.35853476733042267,15.706705081025298,1.5509275882704965,-0.3220388217912805,-0.05290477141145944,0.7230833386547,0.7631733450755906,0.07654013690105788,0.0,1.0,1.0,1.0,0.0,0.0,0.0,1.0,1.0
2024-03-30,286.0178922099622,1.8601789220996223,0.34762848917532563,5.851602023608769,0.319667767010968,16.390989293155307,1.38491921005386,-0.35071462836862144,-0.05490117787981641,0.5968109854916244,0.782905841773081,0.06381173276008378,0.0,1.0,1.0,1.0,0.0,0.0,0.0,1.0,1.0
2024-03-31,294.10390996321615,1.9410390996321616,0.3797970898587122,6.419898819561552,0.3669470769886063,15.352588239030702,1.6347097546379414,-0.36242874730604924,-0.04267318826112998,0.6615122204282531,0.8592947306619698,0.08259320020365446,0.0,1.0,0.0,1.0,0.0,0.0,0.0,1.0,1.0
2024-04-01,286.881917813779,1.86881917813779,0.34869204675704957,5.6838111298482294,0.37748908529443104,16.389986529610994,1.4538599640933576,-0.3891446277804248,-0.08339988021561207,0.6340810682209765,0.764595259063555,0.09735814900718442,0.0,1.0,0.0,1.0,0.0,0.0,0.0,1.0,1.0
2024-04-02,259.6938095646047,1.5969380956460468,0.26705882489564736,5.116357504215852,0.22958151421573847,15.118699756731331,1.18491921005386,-0.4071212090066132,-0.10381313635456191,0.5165338343057619,0.6666574930280347,-0.019630027719635623,0.0,1.0,0.0,1.0,0.0,0.0,0.0,1.0,1.0
2024-04-03,255.37356698522,1.5537356698522,0.2771965899576163,4.736087689713322,0.21946544563944204,15.626667429835852,1.0973070017953321,-0.4129293962558537,-0.11693950888400872,0.6362011583233644,0.6987101864083372,-0.05634440233071225,0.0,0.0,0.0,0.0,0.0,0.0,0.0,1.0,0.0
2024-04-04,253.9255035778416,1.539255035778416,0.3263062403249162,4.837268128161805,0.23948461292727097,15.766031181122635,1.1543985637342908,-0.40602393736377596,-0.1121481333599521,0.5676649358171117,0.6890778658447085,-0.04740623408949485,0.0,0.0,0.0,0.0,0.0,0.0,0.0,0.0,0.0
2024-04-05,253.9255035778416,1.539255035778416,0.31336316068796966,4.541315345699831,0.21052071131934835,14.598103785007767,1.1210053859964093,-0.4033273407834168,-0.13530644839289285,0.5477277572522778,0.6003412593571114,-0.090626237483736,0.0,0.0,0.0,0.0,0.0,0.0,0.0,0.0,0.0
2024-04-06,253.9255035778416,1.539255035778416,0.3339448870074102,4.706576728499156,0.2626983281865616,14.588050333159016,1.2238180730101735,-0.35836433916516375,-0.12352765022958678,0.8290303297714532,0.6399530309702042,-0.08083950896645364,0.0,0.0,0.0,0.0,0.0,0.0,1.0,0.0,0.0
2024-04-07,260.12984138911065,1.6012984138911066,0.3422762493559621,5.277403035413154,0.3082738792460866,20.52118889982878,1.3814482345900658,-0.3603754526213725,-0.1061589139548813,0.873720295423053,0.6477231028915311,-0.0710527804491713,0.0,1.0,1.0,1.0,0.0,0.0,1.0,0.0,0.0
2024-04-08,268.17222881234187,1.6817222881234186,0.38625450052277865,5.553962900505818,0.37546587157917144,20.68332679714029,1.4251346499102335,-0.3708080559735234,-0.0961269714513876,0.9607164947420814,0.6587956847203875,-0.032697855971035805,0.0,1.0,1.0,1.0,0.0,0.0,1.0,0.0,0.0
2024-04-09,253.28193787635539,1.5328193787635538,0.33776014579738933,4.935075885328836,0.34650196997124905,20.16081633512684,1.263674446439258,-0.41051748480610784,-0.1335595927330805,0.7443166723868355,0.5829847350653163,-0.10912485150195173,0.0,1.0,1.0,0.0,0.0,0.0,0.0,0.0,0.0
2024-04-10,254.62054241955715,1.5462054241955716,0.367122270605436,5.016863406408095,0.3679054413800449,20.04812364835406,1.3900658288450032,-0.3665366596089856,-0.13046516270712716,0.7026896517029839,0.5910575370615001,-0.13922045595972166,0.0,1.0,0.0,1.0,0.0,0.0,0.0,0.0,0.0
2024-04-11,240.16777608994425,1.4016777608994424,0.35525165185299,5.16779089376054,0.25268874454264734,20.46876936761186,1.3200478755236387,-0.3567589592623973,-0.12387702136154932,0.6413145711797765,0.5824251431087628,-0.15687050970187255,0.0,0.0,1.0,0.0,0.0,0.0,0.0,0.0,0.0
2024-04-12,233.24647931221185,1.3324647931221185,0.2996617519145004,3.9831365935919063,0.06271962517303797,19.850069695802915,1.0835427887492521,-0.4435119571825422,-0.2440107805949292,0.594153233159028,0.4050528401585205,-0.29886292923007296,0.0,0.0,1.0,0.0,0.0,0.0,0.0,0.0,0.0
2024-04-13,248.69683011997125,1.4869683011997124,0.23919980985642053,3.2537942664418216,-0.12181876264508573,21.231187610706947,0.8269299820466787,-0.5117390002651974,-0.33694350169694554,0.4517587969396786,0.27024622046088376,-0.39972846071165924,0.0,0.0,1.0,0.0,0.0,0.0,0.0,0.0,0.0
2024-04-14,257.98457253382173,1.5798457253382172,0.27311519983463084,3.5834738617200674,-0.06378447449685865,22.06142555134586,0.9400359066427291,-0.5152760158450809,-0.2965661808744261,0.6358410831890318,0.3869349038602674,-0.32200033942411055,0.0,0.0,1.0,0.0,0.0,0.0,0.0,0.0,0.0
2024-04-15,236.27851200883245,1.3627851200883243,0.22811732694979425,3.295109612141652,-0.09604940900862524,20.121105268262177,0.9302214242968283,-0.5454354924355675,-0.3221201836693951,0.5506738003249325,0.270016879495083,-0.33721785370820845,0.0,0.0,0.0,0.0,0.0,0.0,0.0,0.0,0.0
2024-04-16,236.27851200883245,1.3627851200883243,0.23513854893971353,3.5573355817875214,-0.07656266638270681,19.296601287185602,0.8670257330939557,-0.5406010860674131,-0.32790976242763037,0.46833003696896314,0.24929362982533387,-0.3076313854160774,0.0,0.0,0.0,0.0,0.0,0.0,0.0,0.0,0.0
2024-04-17,236.27851200883245,1.3627851200883243,0.18606238273285713,3.142495784148398,-0.10904057075923757,17.53549441558876,0.7664871334530221,-0.5475829698149297,-0.34447993611499306,0.31602171463512274,0.20891127256715114,-0.2873225094755898,0.0,0.0,0.0,0.0,0.0,0.0,0.0,0.0,0.0
2024-04-18,236.27851200883245,1.3627851200883243,0.22931095017208536,3.2866779089376053,-0.09029922265999346,18.560536159188032,0.82262118491921,-0.5688858131248444,-0.3068476741864644,0.4365521811284594,0.30226221928665775,-0.28992476098885556,0.0,0.0,0.0,0.0,0.0,0.0,0.0,0.0,0.0
2024-04-19,236.27851200883245,1.3627851200883243,0.23578558679152462,3.331365935919056,-0.08667873495900336,18.050961075144592,0.870855774985039,-0.5844149417817636,-0.3040027949690557,0.4711103128660843,0.30672978130045503,-0.24568648526333658,0.0,0.0,0.0,0.0,0.0,0.0,0.0,0.0,0.0
2024-04-20,236.27851200883245,1.3627851200883243,0.25747287105578853,3.8903878583473857,-0.021935896070706007,18.905966460073145,0.9464991023339318,-0.554770875026942,-0.2534937113196247,0.562285142316886,0.38664134742404244,-0.19262318266674205,0.0,0.0,0.0,0.0,0.0,1.0,0.0,0.0,1.0
2024-04-21,232.74653150076412,1.3274653150076414,0.25716415870950105,4.020236087689714,-0.02981578106697902,17.957485305454785,0.8938360263315381,-0.5771611951829749,-0.2462068277101218,0.44906428753772465,0.36443196829590496,-0.2246421904169259,0.0,0.0,0.0,0.0,0.0,1.0,0.0,0.0,0.0
2024-04-22,237.98614089692776,1.3798614089692776,0.2940596389672012,4.796795952782462,0.02640826323075296,18.270556780042018,0.9296229802513465,-0.5718680615949735,-0.22923737272908773,0.43288353731584883,0.43916960223102897,-0.2122532103863778,0.0,0.0,0.0,0.0,0.0,1.0,0.0,0.0,0.0
2024-04-23,233.9177383069654,1.339177383069654,0.28544646773075333,5.476391231028583,0.007773400063890934,17.40119067980201,0.9128665469778574,-0.5838491841468595,-0.24241365542024362,0.42688579261430837,0.41937289006311484,-0.2497030039033773,1.0,0.0,0.0,0.0,0.0,1.0,0.0,0.0,0.0
2024-04-24,222.45394246935928,1.2245394246935928,0.243671009800988,5.114671163575042,-0.03332978383558727,15.599220514395277,0.8128067025733094,-0.6077153639196935,-0.27435615891395493,0.38703896725031606,0.354955599589021,-0.29252701250212143,1.0,0.0,0.0,0.0,0.0,0.0,0.0,0.0,0.0
2024-04-25,238.65025819244556,1.3865025819244554,0.24809672548136863,5.559865092748735,-0.025343413906932066,15.992841892009636,0.8110113704368642,-0.5537262154350528,-0.271661010181673,0.3772970465622698,0.32821444297666225,-0.3074616733608645,1.0,0.0,0.0,0.0,1.0,0.0,0.0,0.0,0.0
2024-04-26,230.20193088157563,1.3020193088157566,0.23373434325174158,5.218381112984822,-0.0457885209242892,14.865434023882553,0.7713943746259724,-0.5620913280075419,-0.27665202635256536,0.35061069348193374,0.2769888448554234,-0.3360298693217175,1.0,0.0,0.0,0.0,1.0,1.0,0.0,0.0,0.0
2024-04-27,233.52502032846212,1.3352502032846214,0.22753319286760276,5.075885328836425,-0.023000745394526678,14.205256899561784,0.7682824655894676,-0.5261728671206839,-0.288081453383909,0.3533632934680093,0.2957030676647585,-0.3148724331051649,1.0,1.0,0.0,0.0,1.0,0.0,0.0,0.0,0.0
2024-04-28,244.7141384001371,1.447141384001371,0.22147391467771405,5.091905564924114,-0.039292940048983094,13.214420534640777,0.7555954518252543,-0.45141185507242243,-0.31084048712317836,0.3278586441311717,0.2652465874064289,-0.3111387678904791,1.0,0.0,0.0,0.0,1.0,0.0,0.0,0.0,0.0
2024-04-29,266.48572861019176,1.6648572861019177,0.23571745717027492,5.2099494097807755,-0.047811734639548464,11.524129422396989,0.7165769000598443,-0.36442897200123014,-0.2974645637851867,0.31300028353394294,0.26343938059591965,-0.32562086326865425,1.0,0.0,0.0,0.0,1.0,0.0,0.0,0.0,0.0
2024-04-30,238.392115668555,1.3839211566855498,0.17334111146509268,4.624789207419899,-0.11223511873069958,10.71749854655335,0.5964093357271094,-0.4385465295076265,-0.34462966660011984,0.10922031625205886,0.16216241009834143,-0.3529445041579454,0.0,0.0,0.0,0.0,1.0,0.0,0.0,0.0,0.0
2024-05-01,228.25013209884625,1.2825013209884624,0.1277308461892508,4.892074198988111,-0.10904057075923757,11.495076454775687,0.5581089168162776,-0.46243260416626386,-0.3338490716709923,0.12923972975049436,0.23423051519154559,-0.35090795949538955,1.0,1.0,0.0,0.0,1.0,1.0,0.0,0.0,0.0
2024-05-02,240.14815493233723,1.4014815493233725,0.14333678755674395,5.354131534569984,-0.0958364391438612,12.935691673309012,0.5788150807899461,-0.4100941969416625,-0.32192054302255946,0.23027900345386731,0.2617239101717306,-0.36572947898399055,1.0,1.0,0.0,0.0,1.0,1.0,0.0,1.0,0.0
2024-05-03,248.34658251300937,1.4834658251300938,0.21768207544503926,5.808600337268128,-0.05452028537961873,13.647674171144766,0.7478156792339916,-0.4265054933290565,-0.2967159113595529,0.41614177331381996,0.31739872302950256,-0.3709905526955931,1.0,0.0,0.0,0.0,1.0,1.0,0.0,0.0,0.0
2024-05-04,258.58938228518326,1.5858938228518324,0.23684062817059193,6.30607082630683,-0.052390586731977495,13.271708497452924,0.9165769000598443,-0.40652431155045166,-0.2855859452984628,0.33746031137417964,0.33941545574636733,-0.38281382587543133,1.0,0.0,0.0,1.0,1.0,1.0,0.0,0.0,0.0
2024-05-05,257.7344372176678,1.577344372176678,0.23917426124845198,6.188026981450252,-0.041529123629006404,12.528073727578155,0.9267504488330343,-0.41038061206234555,-0.2826412457576364,0.4100281357347759,0.33635146044327024,-0.38032471573230753,1.0,0.0,0.0,1.0,1.0,1.0,0.0,0.0,0.0
2024-05-06,253.07917168800884,1.5307917168800884,0.2225055364994768,6.038785834738617,-0.06399744436162269,11.522773381723242,0.8731298623578696,-0.42900583780060864,-0.27695148732281893,0.4260867948282372,0.4015852047556143,-0.3815692708038695,1.0,0.0,0.0,1.0,1.0,1.0,1.0,1.0,0.0
2024-05-07,239.44819176003887,1.3944819176003889,0.20612191098942412,5.66610455311973,-0.06335853476733044,11.858572804556731,0.7958108916816278,-0.475893707781882,-0.3012577360750649,0.3091965755096151,0.3577994275649494,-0.3892063132884539,1.0,1.0,0.0,0.0,1.0,1.0,0.0,1.0,0.0
2024-05-08,232.56010532661924,1.3256010532661922,0.18393662241983244,5.712478920741989,-0.08231285273133837,11.367258071830411,0.7144225014961103,-0.5197439696107908,-0.3061988420842484,0.16859653292907284,0.30373917510641424,-0.4283532273575833,1.0,1.0,0.0,0.0,1.0,1.0,0.0,1.0,0.0
2024-05-09,244.878539511015,1.44878539511015,0.2207893281141915,6.198145025295109,-0.04216803322329887,11.278569207244423,0.8211849192100538,-0.4948267191063971,-0.2894789379117588,0.2987172071085,0.3986037722002056,-0.41947162980143693,1.0,1.0,0.0,0.0,1.0,1.0,0.0,1.0,0.0
2024-05-10,235.70591583081872,1.3570591583081875,0.17654184881340274,6.089376053962901,-0.10786923650303482,10.532803904527535,0.7220825852782766,-0.5018296171450565,-0.32296865641844685,0.17324068053335506,0.3390393365624542,-0.42999377722464216,1.0,0.0,0.0,0.0,1.0,1.0,0.0,1.0,0.0
2024-05-11,236.6963919093125,1.3669639190931249,0.1770675307773628,6.18043844856661,-0.123841976360345,10.10014404535263,0.7126271693596649,-0.4882579976932109,-0.33589538830105814,0.14406082876957083,0.33343424335828553,-0.4374611076540137,1.0,0.0,0.0,0.0,1.0,1.0,0.0,1.0,0.0
2024-05-12,237.8230967318715,1.3782309673187148,0.18942357308121238,6.38026981450253,-0.11628154616121822,9.872911440047597,0.6903650508677439,-0.49555351846398044,-0.3231682970652825,0.16381155529827218,0.31516952884191984,-0.432200033942411,1.0,0.0,0.0,0.0,1.0,1.0,0.0,0.0,0.0
2024-05-13,247.87464267040184,1.4787464267040185,0.2180564012617916,7.355817875210793,-0.11841124480885945,9.645405724346348,0.7789347695990427,-0.4919111261360183,-0.33170293471750845,0.09809532073858351,0.35307500366945566,-0.4514906375516208,1.0,0.0,0.0,0.0,1.0,0.0,0.0,1.0,0.0
2024-05-14,246.94559921207266,1.4694559921207269,0.19110397470532958,7.913153456998229,-0.14332871898626343,9.810598110069265,0.7415918611609815,-0.5124540458667179,-0.35206628069474954,0.051332544665965374,0.3023172611184499,-0.49290037902358996,1.0,0.0,0.0,0.0,1.0,0.0,0.0,0.0,0.0
2024-05-15,254.2950834040995,1.5429508340409952,0.28216637485769236,7.859190556492328,-0.08369715685230539,11.854594360576039,0.859245960502693,-0.48048204850362985,-0.307795967258934,0.23577915833806729,0.45331535300161474,-0.4387622334106466,1.0,0.0,0.0,0.0,1.0,0.0,0.0,1.0,0.0
2024-05-16,245.53758683282308,1.4553758683282307,0.26295633781608174,7.463743676222597,-0.0849749760408901,11.100006640930655,0.7921005385996409,-0.5138521322534668,-0.2254941106009184,0.1924793306350281,0.4613881549977983,-0.4207161848729988,1.0,0.0,0.0,0.0,1.0,1.0,0.0,1.0,0.0
2024-05-17,255.3853321874419,1.5538533218744188,0.2976821218970538,7.575885328836424,-0.060376956660632586,11.529658209472617,0.8617594254937162,-0.49539644554204965,-0.1897584348173288,0.29491119275825195,0.5535648759724057,-0.39158228206143586,1.0,0.0,0.0,0.0,1.0,1.0,0.0,1.0,0.0
2024-05-18,251.32085479182118,1.5132085479182118,0.29531190785778394,7.042158516020235,-0.06069641145777871,10.662286766255717,0.8317175344105328,-0.5078832085739122,-0.18496705929327228,0.3367114761768786,0.5806087626596215,-0.38841432369746,0.0,0.0,0.0,0.0,0.0,1.0,0.0,1.0,0.0
2024-05-19,251.3068128896995,1.513068128896995,0.28249405510989556,6.7158516020236085,-0.09125758705143217,10.26189401720086,0.783961699581089,-0.5222048296031017,-0.17348772210021968,0.31021611571183083,0.5581700425656835,-0.41907563500594003,0.0,0.0,0.0,0.0,0.0,1.0,0.0,1.0,0.0
2024-05-20,269.14272049210473,1.6914272049210473,0.3825700815736084,8.628161888701518,0.044404216803322294,12.190588085830717,0.9839616995810891,-0.49436618557338896,-0.13815132761030147,0.4913967556624985,0.7127275062380742,-0.35130395429088646,1.0,1.0,0.0,0.0,0.0,1.0,1.0,1.0,0.0
2024-05-21,276.2390445996868,1.7623904459968678,0.35761509164014704,10.664418212478921,0.034607603024171985,12.804932937640302,1.0377019748653504,-0.4842126194430938,-0.1642044320223599,0.4999757115051502,0.6342837222956115,-0.35475476608021717,1.0,1.0,0.0,1.0,1.0,1.0,1.0,1.0,1.0
2024-05-22,266.0784488357259,1.6607844883572591,0.3376231123546485,10.29089376053963,0.005856671281013748,12.051326241408189,0.9905445840813885,-0.5128110852878999,-0.18341984428029545,0.35679798934506257,0.6240092470277412,-0.37483735928042095,1.0,1.0,0.0,1.0,0.0,1.0,0.0,1.0,0.0
2024-05-23,272.5702750938622,1.725702750938622,0.3149878198947009,11.5893760539629,0.042806942817591453,11.740215454889313,0.9117893476959906,-0.5467610210035041,-0.1714913156318626,0.29091461822882536,0.6162300014677822,-0.3910731458957968,1.0,1.0,0.0,0.0,0.0,1.0,0.0,1.0,0.0
2024-05-24,269.4516828891659,1.694516828891659,0.3267430828111675,10.935075885328835,0.058779682674901634,11.681207304208465,0.9608617594254938,-0.5448458202320507,-0.13894989019764437,0.26673942163976605,0.5380247321297522,-0.3960513661820444,1.0,1.0,0.0,1.0,0.0,1.0,0.0,0.0,0.0
2024-05-25,282.20375579671594,1.8220375579671595,0.3411019811397078,11.632377740303541,0.12022148865935467,11.943909612687676,1.0822262118491923,-0.5584161167503134,-0.1295168696346577,0.3519624887620665,0.5444371055335389,-0.3987101883803813,1.0,1.0,0.0,1.0,0.0,1.0,0.0,0.0,0.0
2024-05-26,285.3063481026379,1.8530634810263793,0.3253092639639594,12.506745362563237,0.16760728356937493,12.45832866967892,0.9891083183722322,-0.5525931737034182,-0.14938111399480947,0.44381754021403563,0.49993578452957577,-0.41059003224529045,1.0,1.0,0.0,1.0,0.0,1.0,1.0,0.0,0.0
2024-05-27,295.4774977481957,1.9547749774819567,0.34263199436691893,13.09359190556484,0.15642636566925772,12.950874437325496,1.0244165170556556,-0.5498888939318665,-0.062188061489319324,0.4786437823399148,0.5618028034639659,-0.3922611302822877,1.0,1.0,0.0,1.0,0.0,1.0,1.0,1.0,0.0
2024-05-28,286.15924525736034,1.8615924525736034,0.3223723353479313,12.493254637436761,0.13299968054520295,12.74619925611386,0.9748653500897668,-0.5582174223025842,-0.0747155120782591,0.3602658386572224,0.5485744165565829,-0.4171522317135261,1.0,1.0,0.0,1.0,0.0,1.0,0.0,1.0,0.0
2024-05-29,279.52289914642995,1.7952289914642994,0.30780711265503835,11.446880269814503,0.1046746885315728,12.473077989832753,0.9614602034709754,-0.5731208288158544,-0.07870832501497316,0.314338817440033,0.5450058711287247,-0.4249589862533235,1.0,1.0,0.0,1.0,0.0,1.0,0.0,1.0,0.0
2024-05-30,274.2412003305623,1.7424120033056232,0.32269362844814276,11.161045531197303,0.09562346927909715,12.456653320830494,0.908557749850389,-0.5809726685992351,-0.10436214813335998,0.323470570776746,0.5318692206076618,-0.42693896023080846,1.0,1.0,0.0,0.0,0.0,1.0,0.0,0.0,0.0
2024-05-31,283.6538722733889,1.8365387227338892,0.3059289028692249,11.996627318718296,0.10446171866680865,12.304442510856052,0.9032914422501495,-0.5671434078321331,-0.08090437213016577,0.3086104804350769,0.5206406869220608,-0.42105560898342476,1.0,1.0,0.0,0.0,0.0,1.0,0.0,0.0,0.0
2024-06-01,280.6724857891212,1.8067248578912118,0.31070726675959626,11.527824620573355,0.1079757214354169,12.292941981534815,0.9189706762417713,-0.561343870533242,-0.07965661808744262,0.2629501281524411,0.5254018053720828,-0.4207161848729988,1.0,1.0,0.0,0.0,0.0,1.0,0.0,0.0,0.0
2024-06-02,276.86578879635783,1.7686578879635784,0.31102139850757426,11.33220910623946,0.09785965285912046,12.113719058740646,0.8805505685218433,-0.5669668979629469,-0.09433020562986627,0.2158783044064807,0.497605680317041,-0.42501555693839455,0.0,1.0,0.0,0.0,0.0,1.0,0.0,0.0,0.0
2024-06-03,270.1788999225784,1.701788999225784,0.3314502202793237,11.183811129848229,0.07634969651794266,11.466751781544293,0.895152603231598,-0.5558071390787864,-0.12033339988021563,0.2551236111413415,0.5136045060912962,-0.4116648752616394,0.0,1.0,0.0,0.0,0.0,1.0,0.0,0.0,0.0
2024-06-04,273.5895924279652,1.7358959242796521,0.3653470294517387,11.112984822934148,0.09754019806197411,11.300990076139714,0.9312986235786955,-0.5646060212202617,-0.11544220403274119,0.26400210106291344,0.5768383971818583,-0.40374497935169995,0.0,1.0,0.0,0.0,0.0,1.0,0.0,0.0,0.0
2024-06-05,275.47149086269485,1.7547149086269487,0.37654951339579323,11.3035413153457,0.11127675433926099,11.469419023871513,0.9548773189706763,-0.5655103480882491,-0.11434418047514472,0.4262070120668413,0.5931674739468664,-0.37540306613113084,0.0,1.0,0.0,0.0,0.0,1.0,1.0,0.0,1.0
2024-06-06,265.36811609900525,1.6536811609900526,0.36982422944817706,11.1045531197301,0.09051219252475784,10.990687750743962,0.9172950329144225,-0.58319794464968,-0.13880015971251758,0.2712497302679764,0.5620046235138705,-0.37025513378967023,0.0,1.0,0.0,0.0,0.0,0.0,0.0,0.0,1.0
2024-06-07,255.07797865548963,1.5507797865548962,0.34177669665015165,9.777403035413153,0.037482696198487986,10.337691663458015,0.774266906044285,-0.6001344456694584,-0.1854661609103614,0.1613816967956916,0.4909364450315574,-0.388470894382531,0.0,0.0,0.0,0.0,0.0,0.0,0.0,0.0,1.0
2024-06-08,260.5287661734747,1.6052876617347471,0.3413803061265175,9.215008431703204,-0.011500372697263339,10.015877938675507,0.7462597247157392,-0.6228463658912715,-0.2051307646236774,0.10492507251593208,0.44794877440187886,-0.37540306613113084,0.0,0.0,0.0,0.0,0.0,0.0,0.0,0.0,1.0
2024-06-09,258.1455214145289,1.5814552141452891,0.34784139424173066,9.755480607082632,-0.004898306889575044,10.00924380181221,0.7569120287253142,-0.6073993099985489,-0.18302056298662417,0.06403434638218908,0.4871936004696904,-0.38111670532330144,0.0,0.0,0.0,0.0,0.0,0.0,0.0,0.0,1.0
2024-06-10,243.94043879190127,1.4394043879190126,0.34512898369572986,9.185497470488954,-0.032903844106059066,9.523845102245705,0.7330939557151408,-0.6202756769705553,-0.20602914753443813,0.11106379138936107,0.4594892118009688,-0.41517225773604116,0.0,0.0,0.0,0.0,0.0,0.0,0.0,0.0,0.0
2024-06-11,243.94043879190127,1.4394043879190126,0.3029118445282042,9.737774030354132,-0.06602065807688218,9.08072144624863,0.6524236983842009,-0.6359047888771001,-0.25214613695348376,-0.03352525808868145,0.3691196976368707,-0.4387622334106466,0.0,0.0,0.0,0.0,0.0,0.0,0.0,0.0,0.0
2024-06-12,243.94043879190127,1.4394043879190126,0.3209520650049491,10.136593591905564,-0.04195506335853472,9.27642678526814,0.7500897666068223,-0.5955517782974984,-0.20103813136354576,-0.028423665152611743,0.4235010274475268,-0.4238275725519036,0.0,0.0,0.0,0.0,1.0,0.0,0.0,0.0,1.0
2024-06-13,225.95002809342057,1.2595002809342057,0.2917308446408504,9.045531197301855,-0.10850814609732717,8.89164956471332,0.6889287851585879,-0.6342799720270782,-0.24436015172689163,-0.1260336484303074,0.35044216938206385,-0.4536403235843186,0.0,0.0,0.0,0.0,0.0,0.0,0.0,0.0,0.0
2024-06-14,225.95002809342057,1.2595002809342057,0.2775153669070429,8.585160202360877,-0.10936002555638369,8.498153872231551,0.6157989228007184,-0.6395512008878717,-0.2640746656019166,-0.217985637643621,0.31159180977542933,-0.47423205295016124,0.0,0.0,0.0,0.0,0.0,0.0,0.0,0.0,0.0
2024-06-15,225.95002809342057,1.2595002809342057,0.2811465595896119,8.993254637436761,-0.0855074007028006,8.785396712382653,0.6366247755834831,-0.63008561110271,-0.25843481732880813,-0.23133032771017437,0.33430573902832816,-0.4657464501895118,0.0,0.0,0.0,0.0,0.0,0.0,0.0,0.0,0.0
2024-06-16,225.95002809342057,1.2595002809342057,0.28959985847619585,9.372681281618888,-0.08635928016185712,8.899662841139598,0.6409335727109515,-0.6364170949070518,-0.2442603314034738,-0.24865775435063164,0.38746697490092474,-0.4513774961814788,0.0,0.0,0.0,0.0,0.0,0.0,0.0,0.0,0.0
2024-06-17,225.95002809342057,1.2595002809342057,0.2867558338891445,8.415682967959528,-0.09551698434671496,8.570713597721634,0.5412327947336923,-0.6642556880547035,-0.2753044519864245,-0.27092295271412037,0.3136375311903714,-0.49612490807263676,0.0,0.0,0.0,0.0,0.0,0.0,0.0,0.0,0.0
2024-06-18,225.95002809342057,1.2595002809342057,0.2610328373161419,8.249578414839798,-0.1266105846022788,7.8722160955438,0.4630760023937761,-0.6383852130218184,-0.30225593930924344,-0.29195996045227623,0.2600818288565978,-0.5473779487469593,0.0,0.0,0.0,0.0,1.0,0.0,0.0,0.0,0.0
2024-06-19,228.57180243377076,1.2857180243377075,0.25698744750438496,8.569983136593509,-0.0700670855074007,8.043392452336036,0.46570915619389597,-0.6341892747535629,-0.2840886404471952,-0.2427792899427902,0.24355093204168488,-0.5104372913955988,0.0,1.0,0.0,0.0,1.0,0.0,0.0,0.0,0.0
2024-06-20,222.58010432411157,1.2258010432411157,0.254995623833135,8.270657672849916,-0.09690128846768176,7.00436569006488,0.49048473967684014,-0.6428118759951259,-0.28843082451587154,-0.19699929700303032,0.22468075737560556,-0.4941449340951519,0.0,0.0,0.0,0.0,1.0,0.0,0.0,0.0,1.0
2024-06-21,227.74559093282468,1.2774559093282467,0.24104840648299786,8.622259696458684,-0.12682355446704285,6.959810650252415,0.48593656493117887,-0.6365788744196137,-0.30889399081653035,-0.1981802800196787,0.23416629972112135,-0.4794931266617639,0.0,0.0,0.0,0.0,1.0,0.0,0.0,0.0,1.0
2024-06-22,226.02022000551318,1.2602022000551316,0.2432690063256031,8.629005059021923,-0.13044404216803318,7.86304040148587,0.481149012567325,-0.6305519197496277,-0.32726093032541437,-0.21220728219526475,0.22584580948187294,-0.4960117667024948,0.0,0.0,0.0,0.0,1.0,0.0,0.0,0.0,1.0
2024-06-23,219.8220493777864,1.198220493777864,0.2226834090049552,8.201517706576729,-0.13992120115003726,7.518886653920383,0.4630760023937761,-0.646750758091825,-0.34123577560391305,-0.21789165486236206,0.1802895200352268,-0.5015556938394524,0.0,0.0,0.0,0.0,0.0,0.0,0.0,0.0,0.0
2024-06-24,219.8220493777864,1.198220493777864,0.16639072879726835,8.523608768971332,-0.08124800340751781,7.235803651968357,0.4242968282465589,-0.654555964466411,-0.3204232381712917,-0.29562615379359625,0.2130944517833553,-0.4937489392996549,0.0,0.0,0.0,0.0,0.0,0.0,0.0,0.0,0.0
2024-06-25,219.8220493777864,1.198220493777864,0.1959402100637515,9.83389544688027,-0.019806197423064664,7.725044240317446,0.5102333931777376,-0.6334603383494226,-0.291375524056698,-0.2825154116626001,0.25260531337149583,-0.5030265316512983,0.0,0.0,0.0,0.0,0.0,0.0,0.0,0.0,0.0
2024-06-26,219.8220493777864,1.198220493777864,0.17710720853973827,9.573355817875212,0.006282611010542061,7.3980101665684685,0.469539198084979,-0.638183313004254,-0.3054002794969056,-0.34667977716855536,0.2550271539703508,-0.5306330259659444,0.0,0.0,0.0,0.0,0.0,0.0,0.0,0.0,0.0
2024-06-27,219.8220493777864,1.198220493777864,0.19256624541141187,9.620573355817875,-0.0047918219571930765,7.200742935009407,0.5211250748055059,-0.6104118587359308,-0.2798462767019365,-0.3331443827774535,0.3728441949214738,-0.5266165073259037,0.0,0.0,0.0,0.0,0.0,0.0,0.0,0.0,0.0
2024-06-28,219.8220493777864,1.198220493777864,0.16736525335122243,8.764755480607082,-0.0028750931743157793,7.099562327002483,0.47312986235786947,-0.6195452649866495,-0.312337791974446,-0.37184049565250354,0.28412593571114053,-0.552639022458562,0.0,0.0,0.0,0.0,0.0,0.0,0.0,0.0,0.0
2024-06-29,219.8220493777864,1.198220493777864,0.17844251040621883,8.538785834738617,0.028324992013630146,7.042469345990618,0.45912627169359665,-0.6459344317481265,-0.32401676981433425,-0.35586053993107836,0.2864560399236755,-0.5573343893194547,0.0,0.0,0.0,0.0,0.0,0.0,0.0,0.0,0.0
2024-06-30,219.8220493777864,1.198220493777864,0.21294455061740525,9.05902192242833,0.03758918113086995,6.974023940300241,0.49012567324955114,-0.6326802145920388,-0.28723298063485725,-0.32580298700918686,0.3446902979597828,-0.5360638117327601,0.0,0.0,0.0,0.0,0.0,0.0,0.0,0.0,0.0
2024-07-01,219.8220493777864,1.198220493777864,0.21607754544458624,8.635750421585076,0.047172825045256106,6.433788477696579,0.47863554757630156,-0.625111660682597,-0.28438810141744864,-0.3032466870709243,0.34508476442096003,-0.5422300164054987,0.0,0.0,0.0,0.0,0.0,0.0,0.0,0.0,0.0
2024-07-02,219.8220493777864,1.198220493777864,0.20078883262603697,8.546374367622175,-0.0256628687040783,6.033476574754035,0.4998204667863555,-0.6002885419908278,-0.28034537831902573,-0.32709907010380346,0.41246514017319824,-0.5330655654239973,0.0,0.0,0.0,0.0,0.0,0.0,0.0,0.0,0.0
2024-07-03,219.8220493777864,1.198220493777864,0.16410703163498308,7.6399662731871825,-0.10297092961345977,5.196594306565401,0.4181926989826452,-0.6236013284695511,-0.3215711718905969,-0.36231234254821054,0.29107038015558495,-0.5610114838490694,0.0,0.0,0.0,0.0,0.0,0.0,0.0,0.0,0.0
2024-07-04,219.8220493777864,1.198220493777864,0.10405096405349568,6.531197301854975,-0.15301884783303155,3.8741424749678526,0.25697187312986247,-0.6498601099500276,-0.37472549411060097,-0.4307848167645678,0.17202407162777056,-0.6189398653617695,0.0,0.0,0.0,0.0,0.0,0.0,0.0,0.0,0.0
2024-07-05,219.8220493777864,1.198220493777864,0.09625650957240528,6.491568296795953,-0.1500372697263338,4.930266831234929,0.26175942549371634,-0.6618709730664969,-0.3856059093631463,-0.44549045534225085,0.2313775135769851,-0.6357413588278553,0.0,0.0,0.0,0.0,0.0,0.0,0.0,0.0,0.0
2024-07-06,219.8220493777864,1.198220493777864,0.1273274878634434,7.203204047217538,-0.11457778724310497,6.265153678098975,0.35739078396169965,-0.6411719726140537,-0.34213415851467366,-0.41275338413688856,0.3117936298253341,-0.6075125869774283,0.0,0.0,0.0,0.0,0.0,0.0,0.0,0.0,0.0
2024-07-07,219.8220493777864,1.198220493777864,0.08105624913144394,6.087689713322091,-0.16654243424555426,5.186735157137837,0.2466786355475763,-0.6747478997411731,-0.3835096825713715,-0.44189957795677104,0.20724167033612217,-0.6379476155456243,0.0,0.0,0.0,0.0,0.0,0.0,0.0,0.0,0.0
2024-07-08,219.8220493777864,1.198220493777864,0.0974178099346148,6.713322091062395,-0.12650409966989662,5.320924757236619,0.28797127468581696,-0.659049003088134,-0.3450788580555002,-0.44930490219664576,0.281924262439454,-0.6190530067319115,0.0,0.0,0.0,0.0,0.0,0.0,0.0,0.0,0.0
2024-07-09,219.8220493777864,1.198220493777864,0.12351668072485267,6.661045531197302,-0.09221595144287076,5.568605314544878,0.28737283064033514,-0.6634156761116662,-0.3590037931722899,-0.4381080502162108,0.29706993982093044,-0.5794535271822142,0.0,0.0,0.0,0.0,0.0,0.0,0.0,0.0,0.0
2024-07-10,219.8220493777864,1.198220493777864,0.11702752785088588,6.755480607082631,-0.028857416675540315,5.946326503818366,0.29287851585876723,-0.6655265692892569,-0.3615991215811539,-0.38084021183026995,0.30198701012769713,-0.5825649148611189,0.0,0.0,0.0,0.0,0.0,0.0,0.0,0.0,0.0
2024-07-11,219.8220493777864,1.198220493777864,0.10983094950627303,6.498313659359191,-0.011819827494409574,6.001493445095724,0.27612208258527837,-0.6729198853810343,-0.38375923337991624,-0.3710858225677163,0.244881109643329,-0.5724387622334106,0.0,0.0,0.0,0.0,0.0,0.0,0.0,0.0,0.0
2024-07-12,219.8220493777864,1.198220493777864,0.12082962523676,6.322934232715008,0.03769566606325214,6.0369298586942435,0.2885697187312988,-0.6647464200908428,-0.3640946296666002,-0.3705040518542788,0.2786125788932923,-0.5766815636137355,0.0,0.0,0.0,0.0,0.0,0.0,0.0,0.0,0.0
2024-07-13,219.8220493777864,1.198220493777864,0.14629210342850696,6.327150084317032,0.05664998402726029,6.689960594314039,0.34422501496110103,-0.6604352339546983,-0.3501696945498104,-0.3441773414721653,0.300922868046382,-0.5712507778469198,0.0,0.0,0.0,0.0,0.0,0.0,0.0,0.0,0.0
2024-07-14,219.8220493777864,1.198220493777864,0.17694733618987413,6.75885328836425,0.11202214886593564,7.808079312074316,0.3806104129263914,-0.6515214346787297,-0.3289079656618088,-0.3501841673320176,0.35379972112138547,-0.5433048594218476,0.0,0.0,0.0,0.0,0.0,0.0,0.0,0.0,0.0
2024-07-15,219.8220493777864,1.198220493777864,0.25337522272773194,8.54131534569983,0.1075497817058888,8.99725293062911,0.4949132256134052,-0.5820706017088638,-0.2816929526851668,-0.3017235750185119,0.46130559225011014,-0.5224302766306501,0.0,0.0,0.0,0.0,0.0,0.0,0.0,0.0,0.0
2024-07-16,219.8220493777864,1.198220493777864,0.259797794380932,9.432546374367623,0.07166435949313166,8.68178800348997,0.4937163375224416,-0.586064767164707,-0.2909263326013176,-0.2912723149645525,0.47321297519448136,-0.5093624483792499,0.0,0.0,0.0,0.0,0.0,0.0,0.0,0.0,0.0
2024-07-17,219.8220493777864,1.198220493777864,0.24038123942490852,8.85160202360877,0.044404216803322294,9.524836316345402,0.45745062836624784,-0.5557695372357974,-0.314284288281094,-0.323594391649601,0.42619807720534286,-0.5247496747185609,0.0,0.0,0.0,0.0,0.0,0.0,0.0,0.0,0.0
2024-07-18,219.8220493777864,1.198220493777864,0.23838864155341732,8.820404721753794,0.04930252369289767,10.553685300393411,0.4308797127468582,-0.5519613711534943,-0.3213715312437613,-0.3597980869314781,0.45994789373257006,-0.5412683147592918,0.0,0.0,0.0,0.0,0.0,0.0,0.0,0.0,0.0
2024-07-19,219.8220493777864,1.198220493777864,0.29112619425226005,9.705733558178752,0.07272920881695244,10.2251695008381,0.5013764213046079,-0.5264049402003491,-0.2973148333000599,-0.3565897713580555,0.5509320416850139,-0.5168863494936924,1.0,0.0,1.0,1.0,1.0,0.0,0.0,1.0,1.0
2024-07-20,222.27129552151237,1.222712955215124,0.299956335106381,9.296795952782379,0.0542008305824726,10.182096186831968,0.606822262118492,-0.51856304785987,-0.28878019564783397,-0.3583484890177805,0.5919198590929107,-0.5189794648413193,1.0,0.0,1.0,1.0,1.0,0.0,0.0,1.0,1.0
2024-07-21,229.98125467695678,1.2998125467695676,0.3196490859985499,9.536256323777403,0.04738579491002026,9.978902052047571,0.6788749251944943,-0.4777379280784104,-0.2605310441205829,-0.3629111224153113,0.6922886393659182,-0.5140012445550716,1.0,0.0,1.0,1.0,1.0,1.0,0.0,1.0,1.0
2024-07-22,221.2562901092331,1.2125629010923311,0.3075897559372449,9.023608768971332,0.002236183580023532,8.637301580966108,0.6489527229204071,-0.45393270501450855,-0.30460171690956284,-0.39531860523210216,0.6404575810949655,-0.5296713243197375,0.0,0.0,1.0,1.0,1.0,0.0,0.0,1.0,1.0
2024-07-23,218.6196195797235,1.1861961957972351,0.2762543882637438,9.559865092748735,0.0061761260781598715,8.846524525840099,0.5596648713345302,-0.43960574136892694,-0.30574965062886805,-0.4262457871713792,0.5862322031410541,-0.539231770096736,1.0,0.0,1.0,1.0,1.0,0.0,0.0,1.0,1.0
2024-07-24,212.05226485996744,1.1205226485996742,0.26516706660560807,9.288364249578414,-0.04216803322329887,8.329781312964641,0.531178934769599,-0.4729958726507498,-0.33105410261529244,-0.44601125256416596,0.6327517246440628,-0.5638965887876902,0.0,0.0,0.0,0.0,0.0,0.0,0.0,0.0,0.0
2024-07-25,212.05226485996744,1.1205226485996742,0.2734707512955272,8.677908937605311,-0.012245767223937776,8.288793692780358,0.4991023339317775,-0.43498722758507835,-0.35436214813336,-0.45546066626008064,0.5756549977983267,-0.5758895740227414,0.0,0.0,1.0,1.0,1.0,0.0,0.0,1.0,0.0
2024-07-26,227.4895417268291,1.274895417268291,0.3146709784458781,9.140809443507589,0.040890214034714045,9.720894932494346,0.606463195691203,-0.43498061291716417,-0.32481533240167704,-0.4389989046393331,0.6786933069132544,-0.5546755671211179,0.0,0.0,1.0,1.0,1.0,0.0,0.0,1.0,0.0
2024-07-27,226.78252557031183,1.2678252557031184,0.31419349044694966,9.035413153456998,0.07709509104461731,9.296077146213761,0.5735487731897069,-0.4108551381620952,-0.3238171291674985,-0.43692811225349515,0.6870596653456627,-0.5563161169881767,0.0,1.0,1.0,1.0,1.0,0.0,0.0,1.0,0.0
2024-07-28,221.54759664528552,1.2154759664528552,0.32086883847899084,8.90219224283305,0.05089979767862851,8.875441617642387,0.5564332734889286,-0.43694669574949585,-0.3360950289478939,-0.4112734796591423,0.6953618083076472,-0.5758330033376704,0.0,0.0,1.0,1.0,1.0,0.0,0.0,1.0,0.0
2024-07-29,218.58045468418186,1.1858045468418186,0.2923618178376508,8.944350758853204,0.11734639548503889,9.089452146999292,0.5371633752244165,-0.46533664690882326,-0.32466560191655025,-0.35949574201784207,0.674271613092617,-0.5813769304746281,0.0,1.0,1.0,1.0,1.0,0.0,1.0,1.0,0.0
2024-07-30,215.76489113788884,1.1576489113788884,0.2807145558548698,8.532883642495785,0.11979554892982636,8.738949601790436,0.5023339317773787,-0.4736561691547655,-0.34438011579157524,-0.3516101974777155,0.6427418171143404,-0.5995926910674889,0.0,1.0,1.0,1.0,1.0,0.0,1.0,1.0,0.0
2024-07-31,211.30924889116315,1.1130924889116316,0.2505195851370585,8.312816188870151,0.14428708337770213,8.233113820286226,0.45972471573907847,-0.48164867239544396,-0.3597025354362148,-0.3572769123369842,0.5744899456920594,-0.5999886858629858,0.0,0.0,0.0,0.0,0.0,0.0,0.0,0.0,0.0
2024-08-01,211.30924889116315,1.1130924889116316,0.2636531180334074,7.870994940977994,0.2435310403577895,8.451740730594087,0.4241771394374625,-0.44012753690323225,-0.35700738670393306,-0.3793609199703464,0.5346947013063263,-0.6062114612207954,0.0,1.0,1.0,0.0,1.0,0.0,1.0,0.0,0.0
2024-08-02,189.5541927908304,0.8955419279083039,0.18874692207016497,6.86256323777403,0.17538068363326587,7.422367945263785,0.3351286654697785,-0.5048721608573261,-0.4050708724296267,-0.4615711686773264,0.40091552913547646,-0.6390224585619733,0.0,0.0,0.0,0.0,0.0,0.0,0.0,0.0,0.0
2024-08-03,189.5541927908304,0.8955419279083039,0.1743636364340182,6.266441821247808,0.1233095516984346,6.803417582568763,0.29431478156792346,-0.514743993016539,-0.41674985026951494,-0.4828892959233816,0.30683986496403937,-0.6546925383266391,0.0,0.0,0.0,0.0,0.0,0.0,0.0,0.0,0.0
2024-08-04,189.5541927908304,0.8955419279083039,0.12512488817645262,5.827150084317032,0.03439463315940805,6.439989170697225,0.24177139437462603,-0.5502565168217111,-0.45662806947494516,-0.5442129886221735,0.26863166006164696,-0.6733042937149969,0.0,0.0,0.0,0.0,0.0,0.0,0.0,0.0,0.0
2024-08-05,189.5541927908304,0.8955419279083039,0.045733943764417084,4.940978077571669,0.018634863166861804,5.994472062148241,0.12914422501496103,-0.51972305708377,-0.5268017568376921,-0.5921733965016784,0.1904447380008807,-0.6974599762403122,0.0,0.0,0.0,0.0,0.0,0.0,0.0,0.0,0.0
2024-08-06,189.5541927908304,0.8955419279083039,0.0848109267525281,5.526981450252951,0.10339686934298808,6.761016174487651,0.15451825254338725,-0.5069813240448471,-0.4977540427230984,-0.5537137901425035,0.32401291648319397,-0.6598970413531708,0.0,0.0,0.0,0.0,0.0,0.0,0.0,0.0,0.0
2024-08-07,189.5541927908304,0.8955419279083039,0.0673918084195051,5.214165261382799,0.047705249707166386,6.123543899523908,0.14434470377019748,-0.5028707658747451,-0.5263525653823118,-0.5919168177430265,0.32775576104506077,-0.6511285851671664,0.0,0.0,0.0,0.0,0.0,0.0,0.0,0.0,0.0
2024-08-08,189.5541927908304,0.8955419279083039,0.1943118734058733,6.3929173693086,0.08018315408369725,7.302687844498278,0.28617594254937173,-0.38568062795790137,-0.4635156717907766,-0.5248699051999145,0.49593607808601203,-0.5177349097697572,0.0,0.0,0.0,0.0,0.0,0.0,0.0,0.0,0.0
2024-08-09,189.5541927908304,0.8955419279083039,0.17798689356411201,6.188026981450252,0.0256628687040783,6.985763611062941,0.24296828246558944,-0.27461750428376075,-0.4742962667199042,-0.5425652989337135,0.43281227065903405,-0.5162075012728404,0.0,0.0,0.0,0.0,0.0,0.0,0.0,0.0,0.0
2024-08-10,189.5541927908304,0.8955419279083039,0.17939767995413636,6.109612141652614,-0.006602065807688073,6.950088056022959,0.2585278276481149,-0.3047954001802853,-0.4732980634857257,-0.5468799662584518,0.4121165419051813,-0.47977598008711886,0.0,0.0,0.0,0.0,0.0,0.0,0.0,0.0,0.0
2024-08-11,189.5541927908304,0.8955419279083039,0.13657414844747673,5.509274873524452,-0.02907038654030447,6.620341221547391,0.20406941950927582,-0.3520946516237585,-0.5010481133958875,-0.5635287925331545,0.29799647732276524,-0.5057419245347061,0.0,0.0,0.0,0.0,0.0,0.0,0.0,0.0,0.0
2024-08-12,189.5541927908304,0.8955419279083039,0.14888954523864917,5.93760539629005,0.018634863166861804,6.746187366979696,0.2913225613405146,-0.2573193844573215,-0.4733978838091436,-0.534945234128838,0.3415620871862617,-0.42620354132488547,0.0,0.0,0.0,0.0,0.0,0.0,0.0,0.0,0.0
2024-08-13,189.5541927908304,0.8955419279083039,0.17297510830093632,5.903035413153457,0.041422638696624325,6.587206544322947,0.27312986235786973,-0.20445780788277101,-0.47239968057496506,-0.5269023549173246,0.34453434610303835,-0.45963681620184416,0.0,0.0,0.0,0.0,0.0,0.0,0.0,0.0,0.0
2024-08-14,189.5541927908304,0.8955419279083039,0.13595730440508325,5.753794266441821,0.12905973804706639,6.465110571495393,0.22537402752842617,-0.21215448282150395,-0.4813835096825714,-0.5352986065034644,0.3177381476588874,-0.47162980143689537,0.0,0.0,0.0,0.0,0.0,0.0,0.0,0.0,0.0
2024-08-15,189.5541927908304,0.8955419279083039,0.11375691893078299,5.279089376053963,0.1481205409434565,6.262110739132185,0.19940155595451814,-0.27739123806841115,-0.49236374525853466,-0.5597183457127779,0.3075921033318656,-0.52186456977994,0.0,0.0,0.0,0.0,0.0,0.0,0.0,0.0,0.0
2024-08-16,189.5541927908304,0.8955419279083039,0.1397967569526084,5.0531197301854975,0.19987221808114164,6.328789079796302,0.20107719928186718,-0.28429705313491505,-0.49460970253543624,-0.5480561924778892,0.27500733891090556,-0.5408157492787238,0.0,0.0,0.0,0.0,0.0,0.0,0.0,0.0,0.0
2024-08-17,189.5541927908304,0.8955419279083039,0.1515742781260172,5.311129848229343,0.18113086998189765,6.336528566447267,0.23016157989228003,-0.18999010445680042,-0.4931123976841685,-0.5483581049554151,0.3010971671803906,-0.5315381569270805,0.0,0.0,0.0,0.0,0.0,0.0,0.0,0.0,0.0
2024-08-18,189.5541927908304,0.8955419279083039,0.13106590727945644,5.145868465430017,0.18602917687147258,6.406490346277827,0.1972471573907839,-0.22149195157737445,-0.4968556598123378,-0.5389842594697383,0.3059041538235727,-0.5335181309045653,0.0,0.0,0.0,0.0,0.0,0.0,0.0,0.0,0.0
2024-08-19,189.5541927908304,0.8955419279083039,0.1507067867554468,5.474704890387859,0.2580129911617506,6.303919049263307,0.21220825852782754,-0.19967977883806942,-0.4919145538031544,-0.5426551735719266,0.32284786437692636,-0.49018498614018213,0.0,0.0,0.0,0.0,0.0,0.0,0.0,0.0,0.0
2024-08-20,189.5541927908304,0.8955419279083039,0.1422858107289442,5.539629005059022,0.3725907784048559,6.235279341151741,0.23135846798324367,-0.22702023660972426,-0.48901976442403683,-0.5363186151781327,0.3045831498605609,-0.507495615771907,0.0,0.0,0.0,0.0,0.0,0.0,0.0,0.0,0.0
2024-08-21,189.5541927908304,0.8955419279083039,0.18381565363210228,5.6787521079258,0.49270578213182836,6.407504659266756,0.2704967085577499,-0.2717884616989358,-0.44035735675783594,-0.5235632274206008,0.30931674739468673,-0.5193754596368162,0.0,0.0,0.0,0.0,0.0,0.0,0.0,0.0,0.0
2024-08-22,189.5541927908304,0.8955419279083039,0.1687189424734381,5.733558178752108,0.4461718666808647,6.480669032151446,0.2597247157390783,-0.2938917307085246,-0.4272309842283889,-0.5115429089775322,0.31328893292235427,-0.5180177631951124,0.0,0.0,0.0,0.0,0.0,0.0,0.0,0.0,0.0
2024-08-23,189.5541927908304,0.8955419279083039,0.24039885248040216,6.655143338954469,0.5259290810350337,7.376718425729173,0.35164572112507475,-0.27455614051834165,-0.39823318027550414,-0.4592497795656929,0.40565830030823435,-0.4253549810488205,1.0,1.0,1.0,1.0,0.0,1.0,1.0,0.0,1.0
2024-08-24,189.631238423614,0.89631238423614,0.24219712609128363,7.00337268128162,0.45969545309338744,7.2289195035980764,0.3475763016157989,-0.29683332441201205,-0.3840586943501698,-0.46157776332800526,0.47290107148099225,-0.42411042597725856,1.0,1.0,1.0,1.0,0.0,1.0,1.0,1.0,1.0
2024-08-25,193.0456313533088,0.9304563135330881,0.2435964930277461,6.705733558178752,0.4424448940474923,7.184250328097642,0.3115499700777977,-0.33410509547204614,-0.3960870433220204,-0.3141272841095153,0.45750770585645095,-0.43485885614074793,1.0,1.0,1.0,0.0,0.0,1.0,1.0,0.0,1.0
2024-08-26,183.1889234153958,0.8318892341539581,0.21626857935416988,6.184654300168635,0.3705675646895965,6.631362788606609,0.2591262716935967,-0.2527266678783382,-0.4092134158514674,-0.3326720904725532,0.44073829443710544,-0.4758726028172201,0.0,0.0,0.0,0.0,0.0,0.0,0.0,0.0,0.0
2024-08-27,183.1889234153958,0.8318892341539581,0.15045459102678693,5.43929173693086,0.27781918858481536,6.076800579646244,0.1836026331538001,-0.2877544382895242,-0.4433020562986625,-0.3951875770907457,0.3460204755614267,-0.5205634440233071,0.0,0.0,0.0,0.0,0.0,0.0,0.0,0.0,0.0
2024-08-28,183.1889234153958,0.8318892341539581,0.1428333638497261,5.479763912310287,0.33627941646257065,6.175325494770564,0.19233991621783364,-0.2496312068227552,-0.442253942902775,-0.4398665516578808,0.32001321003963024,-0.5418905922950727,0.0,0.0,0.0,0.0,0.0,0.0,0.0,0.0,0.0
2024-08-29,183.1889234153958,0.8318892341539581,0.14899967522299873,5.444350758853288,0.3126397614737515,6.1067890522814485,0.2011968880909636,-0.24702039739703663,-0.4538331004192454,-0.4153454782534367,0.2838323792749158,-0.5455111161396164,0.0,0.0,0.0,0.0,0.0,0.0,0.0,0.0,0.0
2024-08-30,183.1889234153958,0.8318892341539581,0.14412802020352933,5.545531197301855,0.39697582792034924,5.632799165858347,0.21819269898264504,-0.22537852691549076,-0.44529846276701934,-0.440975065589747,0.26523741376779686,-0.5293884708943826,0.0,0.0,0.0,0.0,0.0,0.0,0.0,0.0,0.0
2024-08-31,183.1889234153958,0.8318892341539581,0.14133315733181173,5.406408094435076,0.3813225428601854,5.645929525628643,0.21208856971873136,-0.24889163606789133,-0.4502894789379118,-0.4459836487258054,0.24088140319976503,-0.5495842054647282,0.0,0.0,0.0,0.0,0.0,0.0,0.0,0.0,0.0
2024-09-01,183.1889234153958,0.8318892341539581,0.10902249090411487,5.013490725126391,0.285166648919178,5.2970683603134585,0.13800119688809098,-0.23344358797498155,-0.4827809942104213,-0.46914712499897293,0.17799611037722007,-0.5697233693500028,0.0,0.0,0.0,0.0,0.0,0.0,0.0,0.0,0.0
2024-09-02,183.1889234153958,0.8318892341539581,0.14465176666688606,5.420741989881956,0.4364817378340966,5.5927008529095,0.18635547576301614,-0.1890176465092973,-0.46291674985026954,-0.4591219226224771,0.23720277410832247,-0.5547321378061889,0.0,0.0,0.0,0.0,0.0,0.0,0.0,0.0,0.0
2024-09-03,183.1889234153958,0.8318892341539581,0.1123097451294095,5.129005059021923,0.26525396656373124,5.289636632392558,0.15834829443447052,-0.2571263379183497,-0.48542623278099417,-0.4778666946500878,0.16969396741523557,-0.5557504101374668,0.0,0.0,0.0,0.0,0.0,0.0,0.0,0.0,0.0
2024-09-04,183.1889234153958,0.8318892341539581,0.12202905496086225,5.199831365935919,0.43956980087317654,5.241742444327856,0.17271095152603233,-0.16849569018767951,-0.4842283888999801,-0.47140354058506584,0.22526787024805528,-0.5423997284607117,0.0,0.0,0.0,0.0,0.0,0.0,0.0,0.0,0.0
2024-09-05,183.1889234153958,0.8318892341539581,0.08691559010897243,4.989881956155143,0.372910233202002,5.015638287699723,0.17785757031717542,-0.10558047985039865,-0.4996007187063286,-0.49481779376574153,0.18649089975047706,-0.5490750692990892,0.0,0.0,0.0,0.0,0.0,0.0,0.0,0.0,0.0
2024-09-06,183.1889234153958,0.8318892341539581,0.04420276923684363,4.596964586846543,0.35076136726653173,4.800396723422563,0.10724117295032909,-0.13958445231465544,-0.5222100219604712,-0.5394122270733546,0.14632870981946278,-0.5261639418453358,0.0,0.0,0.0,0.0,0.0,0.0,0.0,0.0,0.0
2024-09-07,183.1889234153958,0.8318892341539581,0.04819609408236181,4.703204047217538,0.33287189862634436,4.875909030459792,0.14135248354278884,-0.14201895539943132,-0.4996007187063286,-0.5136779541620606,0.17107001321003978,-0.49572891327713986,0.0,0.0,0.0,0.0,0.0,0.0,0.0,0.0,0.0
2024-09-08,183.1889234153958,0.8318892341539581,0.062224215357732815,4.965430016863406,0.3407517836226175,4.980167225767355,0.15080789946140039,-0.1299234754157217,-0.48337991615092835,-0.4979298202319846,0.193242697783649,-0.4686315551281326,0.0,0.0,0.0,0.0,0.0,0.0,0.0,0.0,0.0
2024-09-09,183.1889234153958,0.8318892341539581,0.10427857892448866,5.230185497470488,0.4903631136194231,5.387193432306412,0.24189108318372243,-0.17980239646365603,-0.47399680574965064,-0.46457123022739943,0.2385696462644944,-0.4579962663347854,0.0,0.0,0.0,0.0,0.0,0.0,0.0,0.0,0.0
2024-09-10,183.1889234153958,0.8318892341539581,0.11573074244641846,5.294266441821163,0.6027047172825044,5.458225913590792,0.23028126870137644,-0.14647617305029614,-0.47140147734078663,-0.4456360061296377,0.24360597387347704,-0.48073768173332576,0.0,0.0,0.0,0.0,0.0,0.0,0.0,0.0,0.0
2024-09-11,183.1889234153958,0.8318892341539581,0.1100635966788357,5.102866779089376,0.5914173144500052,5.2919390481457285,0.21244763614602036,-0.15162014587683326,-0.4810840487123178,-0.45347928004000326,0.2140943783942464,-0.47383605815466423,0.0,0.0,0.0,0.0,0.0,0.0,0.0,0.0,0.0
2024-09-12,183.1889234153958,0.8318892341539581,0.1252524376662354,5.249578414839798,0.5446704291342777,5.985638775154223,0.22920406941950922,-0.18049408719923354,-0.4616689958075465,-0.40539000619969234,0.2475873330397771,-0.41194772868699436,0.0,0.0,0.0,0.0,0.0,0.0,0.0,0.0,0.0
2024-09-13,183.1889234153958,0.8318892341539581,0.17181690473969247,5.6677908937605395,0.5364710893408582,7.07813403096508,0.2803111909036504,-0.16982355933041648,-0.42857855859452987,-0.37470307855591134,0.27436518420666367,-0.41873621089551394,0.0,0.0,0.0,0.0,0.0,0.0,0.0,0.0,0.0
2024-09-14,183.1889234153958,0.8318892341539581,0.16153939653413762,5.539629005059022,0.49185390267277174,6.800545167754834,0.2612806702573309,-0.22517311603572576,-0.4361149930125774,-0.34398216864114595,0.25741230001467796,-0.4091191944334446,0.0,0.0,0.0,0.0,0.0,0.0,0.0,0.0,0.0
2024-09-15,183.1889234153958,0.8318892341539581,0.14431305406124162,5.198988195615515,0.5265679906293261,6.231734341033699,0.23040095751047285,-0.20158032557599004,-0.46057097224995014,-0.36780709198103445,0.2046730515191546,-0.3897720201391639,0.0,0.0,0.0,0.0,0.0,0.0,0.0,0.0,0.0
2024-09-16,183.1889234153958,0.8318892341539581,0.12663070764611772,5.068296795952783,0.49430305611755965,6.624478640236329,0.19257929383602646,-0.24102837326184334,-0.47374725494110603,-0.3869026057302686,0.2055261999119331,-0.41059003224529045,0.0,0.0,0.0,0.0,0.0,0.0,0.0,0.0,0.0
2024-09-17,183.1889234153958,0.8318892341539581,0.1673507370966949,5.173693086003373,0.49707166435949324,6.974502902562262,0.21017354877318972,-0.26714262424839563,-0.46980435216610106,-0.3781314320366833,0.2060307500366947,-0.3384624087797703,0.0,0.0,0.0,0.0,0.0,0.0,0.0,0.0,0.0
2024-09-18,183.1889234153958,0.8318892341539581,0.19554285178981545,5.350758853288364,0.509423916515813,8.186575672895271,0.24320766008378225,-0.21173577434253765,-0.45622878818127377,-0.3919529549872929,0.23201049464259516,-0.2566046274820388,0.0,0.0,0.0,0.0,0.0,0.0,0.0,0.0,0.0
2024-09-19,183.1889234153958,0.8318892341539581,0.2186496321968201,5.7057335581787525,0.6005750186348633,8.526249594707908,0.25685218432076606,-0.2506165379316605,-0.4408065482132162,-0.3278046616900958,0.3101790694260971,-0.2198902528709623,1.0,0.0,1.0,0.0,0.0,0.0,1.0,0.0,1.0
2024-09-20,183.93897640635404,0.8393897640635404,0.2234432865419611,5.950252951096122,0.6336918326056862,8.400951028826224,0.26343506882106515,-0.26033373950786465,-0.42922739069674587,-0.3767259426062146,0.34510311169822416,-0.16852407082649778,1.0,0.0,1.0,0.0,0.0,1.0,1.0,1.0,1.0
2024-09-21,185.8422204503237,0.858422204503237,0.22638621520986035,6.093591905564924,0.6459375998296242,8.666799541894676,0.3159784560143628,-0.2526446459962026,-0.4264823318027551,-0.3881805265082615,0.3702847497431383,-0.16184872998812017,1.0,0.0,1.0,1.0,0.0,1.0,1.0,1.0,1.0
2024-09-22,186.2982804896608,0.8629828048966082,0.2305459931072953,5.751264755480608,0.7265466936428495,9.061253158900486,0.2726511071214841,-0.16412217352695924,-0.4445498103413855,-0.3567092678698096,0.32638888888888884,-0.10346778299485215,1.0,1.0,1.0,0.0,0.0,0.0,1.0,0.0,1.0
2024-09-23,193.35229338579146,0.9335229338579145,0.22592421121576156,5.854974704890388,0.8315408369715687,9.5852691249886,0.2931178934769598,-0.20037498043584756,-0.4314234378119386,-0.29713131974744,0.32734294730661984,-0.13175312553035023,1.0,1.0,1.0,1.0,0.0,1.0,1.0,0.0,1.0
2024-09-24,205.55683890850892,1.055568389085089,0.24400294815451962,6.241146711635751,0.769247151528059,9.690485244820202,0.31394374625972477,-0.19090862741977277,-0.3934917149131564,-0.16280527647009901,0.4009247027741083,-0.013972959212536051,1.0,1.0,1.0,1.0,0.0,1.0,1.0,1.0,1.0
2024-09-25,202.40583287016864,1.0240583287016864,0.22189875706022222,6.120573355817875,0.7579597486955596,10.017382083991977,0.2985038898862957,-0.2016231173891886,-0.39563785186664013,-0.21079119808009894,0.3565976809041538,-0.039542908864626414,1.0,1.0,1.0,1.0,0.0,1.0,1.0,1.0,1.0
2024-09-26,216.67831444795334,1.1667831444795334,0.2615052930135009,7.019392917369224,0.7594505377489085,12.172920153084492,0.41400359066427295,-0.20833044153620672,-0.37317827909762435,-0.13355176642222977,0.42631733450755904,-0.0721841941505913,1.0,0.0,1.0,1.0,0.0,1.0,1.0,1.0,1.0
2024-09-27,223.96470773590198,1.2396470773590198,0.273346492156771,8.01939291736931,0.8145032477904377,12.96319565659357,0.47851585876720537,-0.16125995583844177,-0.36768816130964266,-0.1573262388826081,0.4456828856597683,-0.06273688974373481,1.0,1.0,1.0,1.0,0.0,1.0,1.0,1.0,1.0
2024-09-28,224.96678235610673,1.2496678235610674,0.27470114902928855,8.593591905564924,0.7457139814716218,12.516368025770207,0.5333333333333334,-0.19270186389130128,-0.3540626871631064,-0.1817991677334625,0.43734404814325556,-0.04565254285229392,1.0,0.0,1.0,1.0,0.0,1.0,1.0,1.0,1.0
2024-09-29,224.95703313126256,1.2495703313126256,0.26968858956587094,8.516020236087689,0.7201575976999255,13.302813189941316,0.4883303411131059,-0.18620208767060498,-0.3779696546216811,-0.21206998373031205,0.4529667547335976,-0.0054873564518866935,1.0,0.0,1.0,1.0,0.0,1.0,1.0,1.0,1.0
2024-09-30,216.89395944045106,1.1689395944045105,0.22519607588865598,7.822091062394604,0.6686188904270045,11.916976307842972,0.3668461998803112,-0.19449164038269007,-0.40866440407266924,-0.15043378386929707,0.3983193894026127,0.0037336652146857663,1.0,0.0,1.0,1.0,0.0,1.0,1.0,1.0,1.0
2024-10-01,204.88006297317463,1.0488006297317463,0.17659081697867585,7.177065767284992,0.5416888510275797,11.086534553475541,0.278755236385398,-0.19102346823117466,-0.45023956877620286,-0.199380650588596,0.3308289299867899,-0.005996492617525551,0.0,0.0,0.0,0.0,0.0,0.0,0.0,0.0,0.0
2024-10-02,204.88006297317463,1.0488006297317463,0.17352053237105403,6.791736930860033,0.4817378340964755,10.614732947117641,0.2523040095751048,-0.25590689844734404,-0.4683070473148333,-0.23596943022650574,0.2850616468516072,0.04995191491768969,0.0,0.0,0.0,0.0,0.0,0.0,0.0,0.0,0.0
2024-10-03,204.88006297317463,1.0488006297317463,0.17571964815695829,6.280775716694773,0.5302949632626985,11.342831675846494,0.25757031717534407,-0.24925284781806534,-0.4682072269914155,-0.23716324218108664,0.2543391310729488,-0.05905979521412008,0.0,0.0,0.0,0.0,0.0,0.0,0.0,0.0,0.0
2024-10-04,204.88006297317463,1.0488006297317463,0.20176606688083631,6.9207419898819555,0.6110105420083058,12.5438258112763,0.30760023937761827,-0.22995094155218376,-0.4472948692353763,-0.23598874570608963,0.31328893292235427,0.0030548169938338088,0.0,0.0,0.0,0.0,0.0,0.0,0.0,0.0,0.0
2024-10-05,204.88006297317463,1.0488006297317463,0.20100309254286453,6.882799325463743,0.581194760941327,12.192479477231373,0.3095152603231597,-0.25377784037401974,-0.4379117588340986,-0.26108258073834434,0.3075921033318656,-0.007693613169655555,0.0,0.0,0.0,0.0,0.0,0.0,0.0,0.0,0.0
2024-10-06,204.88006297317463,1.0488006297317463,0.21570457447825686,7.629005059021923,0.5987647747843678,12.646522114044311,0.3353680430879713,-0.2161925340548545,-0.4370133759233381,-0.27308462875576167,0.3431307793923384,0.04146631215704022,1.0,0.0,1.0,1.0,0.0,0.0,0.0,1.0,1.0
2024-10-07,205.27364112750925,1.0527364112750925,0.20388679489229133,7.265598650927487,0.5622404429773189,12.664063682278854,0.2976660682226213,-0.27334855656752055,-0.4431523258135357,-0.2876184460523701,0.32016916189637445,0.1412004299372065,0.0,0.0,0.0,0.0,0.0,0.0,0.0,0.0,0.0
2024-10-08,205.27364112750925,1.0527364112750925,0.2023720721198492,7.016020236087689,0.5242253221169204,12.8945566278611,0.28186714542190305,-0.29044467461227363,-0.459323218207227,-0.3407339968729104,0.3156557316894173,0.12394637099055261,0.0,0.0,0.0,0.0,0.0,0.0,0.0,0.0,0.0
2024-10-09,205.27364112750925,1.0527364112750925,0.17249297510055883,6.685497470489039,0.4850388670003196,12.667392639844667,0.2920406941950928,-0.2856927480648026,-0.4741465362347774,-0.37381636831217735,0.27757595772787313,0.06098319850653389,0.0,0.0,0.0,0.0,0.0,0.0,0.0,0.0,0.0
2024-10-10,205.27364112750925,1.0527364112750925,0.16671066704705706,6.833895446880185,0.4981365136833138,12.464860220298862,0.26870137642130465,-0.3212090371424797,-0.47309842283889003,-0.3987627065945498,0.27479634522236895,0.037789217627425487,0.0,0.0,0.0,0.0,0.0,0.0,0.0,0.0,0.0
2024-10-11,205.27364112750925,1.0527364112750925,0.2100507836648393,7.218381112984824,0.5324246619103397,12.958476689399257,0.32555356074207054,-0.2779190376859002,-0.4556298662407666,-0.3863665290991304,0.3344892118009688,0.161961871358262,0.0,0.0,0.0,0.0,0.0,0.0,0.0,0.0,0.0
2024-10-12,205.27364112750925,1.0527364112750925,0.22299386330178605,7.3465430016863404,0.6475348738153552,13.612043455125058,0.33309395571514067,-0.29137622338283076,-0.45083849071671,-0.3510932201081062,0.3422684573609278,0.2680319058663798,1.0,0.0,1.0,1.0,0.0,0.0,0.0,1.0,1.0
2024-10-13,209.5877359300838,1.0958773593008377,0.21637116088616515,7.174536256323693,0.6464700244915345,14.646601941087981,0.33333333333333326,-0.31278429079464143,-0.4634657616290677,-0.39567280644260616,0.3544418758256276,0.3259037166940091,1.0,0.0,1.0,1.0,0.0,0.0,0.0,1.0,1.0
2024-10-14,220.01221981083128,1.2001221981083128,0.2787010545768587,8.19477234401349,0.7350654882334151,15.415357432381825,0.3971274685816877,-0.3221436897187504,-0.4367638251147934,-0.3365338890810027,0.44503155731689437,0.2728969847824858,1.0,0.0,1.0,1.0,0.0,0.0,0.0,1.0,1.0
2024-10-15,211.49345633481005,1.1149345633481005,0.29788089780905214,7.760539629005059,0.6698967096155894,14.593920168540366,0.405864751645721,-0.37498811903878493,-0.42807945697744065,-0.37090607329129,0.4190701599882578,0.16518640040730892,1.0,0.0,1.0,1.0,0.0,0.0,0.0,0.0,0.0
2024-10-16,216.55823505488138,1.1655823505488137,0.3085617643404144,7.800168634064081,0.6593547013097649,14.545775289589585,0.5048473967684022,-0.3694908720635708,-0.4387103214214414,-0.3355881513082417,0.41448334067224435,0.1782542286587092,1.0,0.0,1.0,1.0,0.0,0.0,0.0,0.0,0.0
2024-10-17,215.48343884020807,1.1548343884020809,0.304572504046164,7.333052276559865,0.6307102544989882,14.658512815382638,0.5514063435068823,-0.38083044815087463,-0.44959073667398686,-0.3079808534587898,0.3801739321884632,0.14549980200260237,0.0,0.0,1.0,1.0,0.0,0.0,0.0,0.0,0.0
2024-10-18,221.92865077595064,1.2192865077595063,0.324387772126546,7.860033726812816,0.6934298796720264,14.678323509794692,0.6422501496110113,-0.3400077198262764,-0.42703134358155326,-0.3117730298535152,0.42062967855570244,0.20246648186909533,1.0,0.0,1.0,1.0,0.0,0.0,0.0,0.0,0.0
2024-10-19,222.36958199271686,1.2236958199271686,0.32318040684996885,7.845699831365936,0.6846981152166969,14.0087084510853,0.7248354278874924,-0.30748049741488603,-0.4301257736075066,-0.3156906847928509,0.46503008953471303,0.16694009164450985,1.0,0.0,0.0,1.0,0.0,0.0,0.0,1.0,0.0
2024-10-20,226.34486626912084,1.2634486626912085,0.33578303193072756,8.010961214165262,0.6922585454158237,13.66267350280558,0.7017354877318971,-0.2662648578161867,-0.4023258135356359,-0.289303000919215,0.5358505797739614,0.2039373196809413,1.0,0.0,0.0,1.0,0.0,1.0,0.0,1.0,0.0
2024-10-21,222.54095110917575,1.2254095110917573,0.30348513980701486,7.582630691399663,0.6324140134171017,12.792873958702923,0.7195691202872532,-0.26620786990800316,-0.4157516470353365,-0.36101935857904954,0.5240165859386468,0.1368444871867398,0.0,0.0,0.0,1.0,0.0,1.0,0.0,1.0,0.0
2024-10-22,222.8394625777944,1.228394625777944,0.30414185516184467,7.499156829679595,0.6255989777446491,12.491224205461902,0.6721723518850988,-0.2405271340801327,-0.4023258135356359,-0.3766631672975669,0.5371348891824455,0.09707529558182948,0.0,0.0,0.0,1.0,0.0,1.0,0.0,1.0,0.0
2024-10-23,220.39186085661686,1.2039186085661684,0.2890648861093379,7.271500843170321,0.5932275583005007,12.069585233967121,0.6754039497307001,-0.24587224369332117,-0.43476741864643653,-0.4095576812833436,0.5669492147365331,0.11868529727895005,0.0,0.0,0.0,1.0,1.0,0.0,0.0,1.0,0.0
2024-10-24,226.67450700436157,1.2667450700436156,0.3191760496510099,7.428330522765599,0.5706527526355021,12.099174911073522,0.6986235786953918,-0.21960107243102067,-0.4202934717508485,-0.43726231329390763,0.6246514017319831,0.09571759914012556,0.0,0.0,0.0,1.0,1.0,0.0,0.0,1.0,0.0
2024-10-25,210.0403330363945,1.1004033303639447,0.28835649288838994,6.4038785834737775,0.47002449153444803,10.878883691827529,0.5748653500897667,-0.28034758756955325,-0.44440007985625873,-0.46560817598304616,0.511815646558051,-0.008881597556146481,0.0,0.0,0.0,1.0,0.0,0.0,0.0,1.0,0.0
2024-10-26,218.5553775589227,1.1855537755892267,0.2970285033431901,6.65008431703204,0.5195399850921094,12.098639560346612,0.6451226810293236,-0.2667472706353724,-0.4505889399081654,-0.4392216813087131,0.5669492147365331,0.015443797024381922,0.0,0.0,0.0,1.0,0.0,0.0,0.0,1.0,0.0
2024-10-27,227.6848480959888,1.2768484809598881,0.31504085261124204,6.730185497470405,0.5752316047279311,12.98712067080533,0.7269898264512269,-0.28219862606223933,-0.45183669395088844,-0.41577495938343834,0.6198811096433292,-0.006675340838377619,0.0,0.0,0.0,1.0,0.0,0.0,0.0,1.0,0.0
2024-10-28,242.26823025018868,1.4226823025018867,0.3533891196220664,6.738617200674452,0.6149504845064424,13.200400867635043,0.9323758228605628,-0.27714349331399546,-0.44180475144739473,-0.43265229210597966,0.6347424042272127,0.002941675623691742,0.0,0.0,0.0,1.0,0.0,0.0,0.0,1.0,0.0
2024-10-29,253.91061454126006,1.5391061454126005,0.40758023327427484,7.160202360876813,0.6134596954530935,13.589829117474666,1.1050867743865949,-0.24880060806098037,-0.4111599121581154,-0.4016368571639024,0.6457507705856451,0.17276687220682252,0.0,0.0,0.0,1.0,0.0,0.0,0.0,1.0,0.0
2024-10-30,245.19067885367912,1.4519067885367911,0.3998103596508513,7.123102866779089,0.6629751890107549,13.28940904039571,1.0141232794733694,-0.26969400342700856,-0.38151327610301466,-0.4198435345251945,0.6038272420372819,0.1782542286587092,0.0,0.0,0.0,1.0,0.0,1.0,0.0,0.0,0.0
2024-10-31,230.7392790199698,1.3073927901996982,0.35867942342211223,6.687183811129849,0.5278458098179106,12.187863775659512,0.9350089766606824,-0.3265922065372051,-0.4301257736075066,-0.46723737902780005,0.546858946132394,0.11529105617469027,0.0,0.0,0.0,1.0,0.0,0.0,0.0,0.0,0.0
2024-11-01,227.1426749305882,1.2714267493058822,0.3445398173119689,6.491568296795953,0.5061228836119689,12.138372367342315,0.9048473967684023,-0.3293317475769454,-0.4386105010980236,-0.4927050550772252,0.5243835314839278,0.12575663291282457,0.0,0.0,0.0,1.0,0.0,0.0,0.0,0.0,0.0
2024-11-02,227.75638118393505,1.2775638118393506,0.3473006153730618,6.350758853288364,0.47407091896496656,11.701746293010428,0.9099940155595452,-0.35198474637226174,-0.4415552006388501,-0.5019894943971415,0.5307133421400265,0.13005600497822023,0.0,0.0,0.0,1.0,0.0,0.0,0.0,0.0,0.0
2024-11-03,216.02460117809505,1.1602460117809503,0.3304278888604584,5.89629005059022,0.4145458417633905,11.37896377363836,0.8116098144823458,-0.371974476337094,-0.46301657017368736,-0.5179582788523895,0.49016585938646706,0.10120495559201226,0.0,0.0,0.0,1.0,0.0,0.0,0.0,0.0,0.0
2024-11-04,227.2568528381876,1.2725685283818762,0.31176095328824127,5.771500843170321,0.37919284421254407,11.12388545736395,0.9058049072411731,-0.4003318629774595,-0.4829307246955481,-0.5188965571022515,0.4635623073535886,0.0454262601120099,0.0,0.0,0.0,1.0,0.0,0.0,0.0,0.0,0.0
2024-11-05,242.28551992596067,1.4228551992596068,0.31323735314873025,6.1736930860033725,0.44042168033223317,12.102525608770376,1.031837223219629,-0.37093225908412697,-0.45962267917748056,-0.50490497865135,0.5263099955966535,0.11200995644057254,0.0,0.0,0.0,1.0,0.0,0.0,0.0,0.0,0.0
2024-11-06,260.4398072342678,1.6043980723426778,0.3748048531516337,6.52866779089376,0.5118730699606004,14.750564606489192,1.1840813883901857,-0.3329617246820533,-0.44514873228189256,-0.4366600379015836,0.5874981652722737,0.18798438649092053,0.0,0.0,0.0,1.0,0.0,0.0,0.0,0.0,0.0
2024-11-07,279.5788789956199,1.795788789956199,0.4644113697499064,7.3642495784148405,0.8632733468214246,15.261825909446578,1.3445840813883905,-0.34729123243067883,-0.3942403673387902,-0.4149842499561438,0.7071224130339058,0.296882955252588,0.0,1.0,1.0,1.0,0.0,1.0,0.0,1.0,0.0
2024-11-08,288.41229269381734,1.8841229269381734,0.4703862601134745,8.607925801011804,0.9550633585347674,15.081405920686908,1.361220825852783,-0.3377011342425482,-0.364244360151727,-0.4471008474162159,0.8150044033465433,0.31900209311534744,1.0,1.0,0.0,1.0,0.0,1.0,0.0,1.0,0.0
2024-11-09,291.4466284888849,1.9144662848888494,0.48062660670743873,8.109612141652613,0.9460121392822916,16.364511172304297,1.428007181328546,-0.2705922753297514,-0.31932521461369545,-0.4570434184593426,0.8334434169969178,0.2959212536063811,1.0,1.0,1.0,1.0,0.0,1.0,0.0,1.0,0.0
2024-11-10,298.91906036817204,1.9891906036817204,0.4824479127755039,8.379426644182125,1.0833777020551594,15.974604639581749,1.6035906642728905,-0.2894138549409432,-0.3139349171491316,-0.38508622992253194,0.8258292969323353,0.5464728177858231,1.0,1.0,0.0,1.0,0.0,1.0,0.0,1.0,1.0
2024-11-11,327.54336480269933,2.2754336480269934,0.5592791576391691,9.349915682967959,1.018847833031626,15.802539654933167,2.3450628366247757,-0.3135557646016759,-0.2892792972649232,-0.22768344984843836,0.933436078086012,0.7357583300333765,1.0,0.0,0.0,1.0,0.0,1.0,1.0,0.0,1.0
2024-11-12,346.25595262436815,2.4625595262436817,0.7096540060410845,9.77150084317032,1.0177829837078054,14.92849942651912,3.0931178934769603,-0.3680087793943122,-0.265122778997804,-0.2679745312428603,1.0172831351827392,0.804265429654353,1.0,0.0,0.0,1.0,0.0,1.0,1.0,1.0,1.0
2024-11-13,351.25869738262196,2.5125869738262194,0.7079364428053765,11.109612141652613,0.9090618677457141,14.06346504738924,3.5375224416517055,-0.3456164493968745,-0.3006089039728489,-0.3209919190664108,0.9470130632614122,0.821293205860723,1.0,0.0,0.0,1.0,0.0,0.0,0.0,0.0,1.0
2024-11-14,420.0559052255918,3.200559052255918,0.7488060864526183,17.303541315345615,0.8392077521030774,12.891411102650954,3.7783363255535605,-0.38777824091760305,-0.3254142543421841,-0.37829561361314645,0.9744422427711728,0.8632120834983312,1.0,0.0,0.0,1.0,0.0,0.0,0.0,1.0,1.0
2024-11-15,435.1347797648102,3.351347797648102,0.7624351075035101,18.677065767284994,0.7513576828878714,15.095459556647395,3.5692399760622378,-0.3648099259910248,-0.30899381113994806,-0.3739067474591856,1.006091296051666,1.0425977258584602,1.0,0.0,0.0,1.0,0.0,0.0,0.0,0.0,1.0
2024-11-16,421.81443572286264,3.218144357228627,0.754264972355245,16.958684654300168,0.7995953572569483,14.526478205773397,3.3588270496708557,-0.3668076065831617,-0.2749550808544621,-0.3153823578463586,0.9803133714956702,1.1274537534649545,1.0,0.0,0.0,1.0,0.0,1.0,1.0,0.0,1.0
2024-11-17,412.6855394671825,3.126855394671825,0.7397574275803416,16.89123102866779,0.7250559045895006,14.223163973749472,3.3942549371633755,-0.396448645855361,-0.3119385106807747,-0.36175990541757397,1.1797482753559372,1.1405781524014253,1.0,0.0,0.0,1.0,0.0,1.0,0.0,1.0,1.0
2024-11-18,418.1119374187222,3.1811193741872223,0.7525576672727363,16.89629005059022,0.7787243105100627,14.124341490581513,3.4428485936564925,-0.381059112132461,-0.28892992613296076,-0.3143793222890112,1.1814912666960224,1.1837415851105955,1.0,0.0,0.0,1.0,0.0,1.0,1.0,1.0,1.0
2024-11-19,410.97398730564004,3.1097398730564008,0.7890972089694195,15.594435075885329,0.7248429347247365,13.763467544107414,3.675643327348893,-0.39497993516811336,-0.27016370533040535,-0.3642451157422456,1.1804821664464993,1.106692312043899,1.0,0.0,0.0,1.0,0.0,1.0,0.0,1.0,1.0
2024-11-20,397.1454236611437,2.971454236611437,0.8269799880850581,14.827993254637438,0.669044830156533,13.230298982850604,3.5229204069419513,-0.3895388111060478,-0.2895288480734678,-0.4197896601931461,1.1601166886833996,0.9939469366974034,1.0,0.0,0.0,1.0,0.0,0.0,0.0,1.0,0.0
2024-11-21,425.67003425822014,3.256700342582201,0.9052891812096955,16.447723440134908,0.8020445107017358,14.107085261566896,3.6289646918013165,-0.38318644021571546,-0.2567877819924137,-0.360907862135332,1.3538639365918095,1.0508004751937547,1.0,0.0,0.0,1.0,0.0,0.0,0.0,1.0,0.0
2024-11-22,435.1666724076872,3.351666724076872,0.9166106984408768,16.411467116357507,0.8484719412203174,14.256434526792928,3.939198084979054,-0.4064793826906963,-0.17318826112996621,-0.3865408729241805,1.358542492294144,1.016914634836228,1.0,0.0,0.0,1.0,0.0,1.0,0.0,1.0,0.0
2024-11-23,443.54233232970205,3.4354233232970204,0.8925086836234584,16.282462057335582,0.8567777659461187,14.91960907168112,4.149970077797726,-0.33854582733518634,-0.13216210820523056,-0.3598136546314412,1.3399200058711287,0.9441647338349268,1.0,0.0,0.0,1.0,0.0,1.0,0.0,1.0,0.0
2024-11-24,444.3956365285752,3.443956365285752,0.897336015679103,16.03794266441821,0.8225961026514748,14.503477147130923,4.150568521843208,-0.32819977436858927,-0.10605909363146337,-0.3261281789639725,1.3203801555849113,0.9210273236408892,1.0,0.0,0.0,1.0,0.0,1.0,1.0,1.0,0.0
2024-11-25,423.92192133159176,3.2392192133159172,0.8000157549749138,15.010118043844773,0.9317431583430944,13.84914675930227,3.70065828845003,-0.3518514862548219,-0.13430824515871442,-0.310860805879286,1.1492917950976076,0.806075691576625,1.0,1.0,0.0,1.0,0.0,1.0,1.0,0.0,0.0
2024-11-26,431.9493915163426,3.3194939151634255,0.7792968016626722,14.413996627318717,0.933872856990736,13.723471138022827,3.633153800119689,-0.36723079268348524,-0.13480734677580353,-0.2104189426619989,1.1166336415675913,0.9768060191208916,1.0,1.0,0.0,1.0,0.0,1.0,1.0,0.0,0.0
2024-11-27,475.32149932250235,3.753214993225024,0.8571358616906752,15.640809443507589,1.242466191033969,15.6481303742071,3.8015559545182533,-0.2883909728711098,-0.06882611299660613,-0.0917621497609854,1.2204792308821375,0.9421847598574418,1.0,1.0,0.0,1.0,1.0,1.0,1.0,0.0,0.0
2024-11-28,467.9128461814051,3.6791284618140505,0.8516069106661954,15.748735244519391,1.1314024065594719,14.933742874374822,3.8080191502094554,-0.2988661136261549,-0.10456178878019573,-0.09060523902113182,1.179656538969617,0.9480681111048255,1.0,1.0,0.0,1.0,1.0,1.0,1.0,0.0,0.0
2024-11-29,472.4030478036063,3.724030478036063,0.8869303773335846,16.263069139966273,1.1186242146736238,15.2106944799939,4.1041292639138245,-0.3054332068133929,-0.08888999800359365,-0.1241237943501069,1.2332305885806547,0.9718277988346438,1.0,1.0,0.0,1.0,1.0,1.0,1.0,0.0,0.0
2024-11-30,504.9890291984111,4.049890291984111,0.8670887864449923,16.02529510961206,1.2557768075817273,16.29984922879433,4.046558946738481,-0.23841125446057587,-0.051607107207027436,0.08326211350842483,1.1808491119917806,0.9662838716976863,1.0,1.0,1.0,1.0,1.0,1.0,1.0,0.0,0.0
2024-12-01,524.1073575800025,4.241073575800025,0.882529436060931,17.77318718381113,1.2283036950271535,16.98395136732686,4.274326750448833,-0.13451832904126193,-0.05515072868836102,0.03686568289373571,1.1747027741083222,0.9665667251230412,1.0,1.0,1.0,1.0,1.0,1.0,1.0,0.0,0.0
2024-12-02,556.8468430411936,4.568468430411936,0.8554268146576234,16.225969645868467,1.5077201575977002,17.15399995482129,4.0837821663674445,-0.013775910926271284,0.2591335595927331,-0.016194516104713563,1.0721414942022602,0.9174067997963455,1.0,1.0,1.0,1.0,1.0,1.0,1.0,0.0,0.0
2024-12-03,550.5007812126906,4.505007812126906,0.8566196636796732,16.08347386172007,1.5598977744649134,17.45384935346039,3.8676241771394375,-0.050699903100203225,0.20308444799361136,-0.00080159240273181,1.1475488037575223,1.090343384058381,1.0,1.0,1.0,0.0,1.0,1.0,1.0,0.0,1.0
2024-12-04,570.3520042139777,4.703520042139777,0.9112340713139069,17.38785834738609,1.7306996060057505,19.091503532176837,4.1813285457809695,-0.08860479964374413,0.201986424436015,0.06638081678820762,1.1036988110964332,1.0782372574531878,1.0,1.0,1.0,0.0,1.0,1.0,1.0,0.0,0.0
2024-12-05,582.037097044067,4.82037097044067,0.957532019954237,17.390387858347303,1.739857310190608,19.911527687500563,4.297187312986235,-0.09692279542786009,0.21760830505090833,0.14609183703328066,1.1901144870101277,1.4060078067545398,1.0,1.0,1.0,1.0,1.0,1.0,1.0,0.0,1.0
2024-12-06,612.3898373091695,5.123898373091695,0.9333976822767371,17.166947723440135,2.0008518794590566,23.190588935054585,4.204667863554758,-0.027975058834927014,0.29127570373328004,0.2221454568046055,1.174886246880963,1.3856423601289811,1.0,1.0,1.0,0.0,1.0,1.0,1.0,0.0,1.0
2024-12-07,620.2417127987015,5.202417127987015,0.9341325918559555,20.010118043844855,2.0048983068895754,24.045250554161036,4.42262118491921,-0.047126863021218046,0.2370732681173886,0.159005244152707,1.186078086012036,1.4092889064886571,1.0,1.0,1.0,0.0,1.0,1.0,1.0,0.0,1.0
2024-12-08,628.7644619837569,5.287644619837568,0.9582425422258489,21.28414839797639,2.010861463102971,23.92095407244457,4.5839616995810895,-0.06608297480137171,0.30250549011778793,0.1726772883545964,1.1763540290620873,1.3941845335747014,1.0,1.0,1.0,0.0,1.0,1.0,1.0,0.0,1.0
2024-12-09,575.6825092502021,4.756825092502021,0.8837222850829807,21.34232715008432,1.7718027899052284,22.20660071141182,3.9543985637342907,-0.1890982436937283,0.10945298462767017,0.08791995492285998,0.9874688096286512,1.1711263223397634,1.0,1.0,1.0,0.0,1.0,1.0,1.0,0.0,0.0
2024-12-10,566.6038645666542,4.666038645666543,0.8708695933242261,18.797639123102783,1.9430305611755938,20.364681696457158,3.7146618791143027,-0.1373704720817256,0.10426232780994193,0.06372090227506089,0.9593057390283284,1.100752390111444,1.0,1.0,1.0,0.0,1.0,1.0,1.0,0.0,0.0
2024-12-11,620.6531637443621,5.2065316374436215,0.9587674499895675,20.18718381112985,2.224044297731871,23.933903037996483,3.9570317175344103,-0.12144845759173573,0.20138750249550808,0.20541262981551833,1.0850763246734183,1.473722916784522,1.0,1.0,1.0,0.0,1.0,1.0,1.0,0.0,1.0
2024-12-12,649.1751551623385,5.491751551623384,0.9360903507165803,18.932546374367625,2.908742412948568,23.703854406342412,3.861041292639138,-0.1377862802832217,0.4536833699341185,0.12056426858260849,1.0813151328342876,1.6140747864456637,0.0,1.0,1.0,0.0,1.0,1.0,1.0,0.0,1.0
2024-12-13,650.1870376222172,5.501870376222172,0.963154068557754,19.870994940977994,3.020551591949739,23.232976755553796,3.895272292040694,-0.12491138889098075,0.4469454981034138,0.0745216427786557,1.061408337002789,1.6940657351360522,1.0,1.0,1.0,0.0,1.0,1.0,1.0,0.0,1.0
2024-12-14,640.8664163569421,5.408664163569421,0.9625974185841348,18.671163575042158,2.893302097753168,21.972565483227914,3.767684021543986,-0.018108111353558498,0.45338390896386493,0.05082926110650887,1.0167327168648175,1.522599988685863,0.0,1.0,1.0,0.0,1.0,1.0,1.0,0.0,1.0
2024-12-15,659.4051178472265,5.594051178472265,1.0215870253329928,19.377740303541316,2.9250346076030245,22.534797882171546,3.8672651107121485,-0.016900171228311223,0.4603713316031144,0.11618974489296563,1.0568215176867755,1.7060021496860327,0.0,1.0,1.0,0.0,1.0,1.0,1.0,0.0,1.0
2024-12-16,653.56477813716,5.5356477813716,1.053562463056132,18.77487352445194,3.037908635928016,21.91254369893723,3.811011370436864,-0.049901360036781583,0.43456777799960045,0.14759981382184018,0.9822398356083959,1.6184307291961302,0.0,1.0,0.0,0.0,1.0,1.0,1.0,0.0,0.0
2024-12-17,613.7045263953765,5.137045263953765,1.0542820821805816,17.919055649241148,2.8475135768288786,20.289534215993978,3.7172950329144223,-0.10122843541936888,0.39089638650429204,0.01867965435670005,1.047189197123147,1.6253889234598633,0.0,1.0,0.0,0.0,1.0,1.0,0.0,0.0,0.0
2024-12-18,594.158963981871,4.9415896398187105,1.0037995812350893,16.93929173693086,2.9363220104355237,18.048304702882895,3.59377618192699,-0.19259287451690033,0.36728888001597104,-0.08924760585351288,0.9844415088800822,1.5776432652599421,0.0,1.0,0.0,0.0,0.0,1.0,0.0,0.0,1.0
2024-12-19,510.77867999706643,4.107786799970665,0.8846397123691263,13.378583473861719,2.35427537003514,16.777406534845607,2.7627767803710355,-0.23023318434387485,0.13820123777201032,-0.16808323126639924,0.7770255394099517,1.3054816993833795,0.0,1.0,0.0,0.0,0.0,0.0,0.0,0.0,0.0
2024-12-20,534.128562511218,4.34128562511218,0.8922421651903312,13.908094435075885,2.5076136726653178,17.69560232816422,2.805266307600239,-0.23834912746424364,0.1676981433419844,-0.1641059001438715,0.782254513430207,1.5917859365276912,0.0,1.0,0.0,0.0,0.0,0.0,0.0,0.0,1.0
2024-12-21,510.22017328598207,4.102201732859821,0.873168968041401,13.687183811129849,2.1870940261952936,16.897018018322516,2.835786953919808,-0.2774900510306365,0.10436214813335987,-0.21861389523889285,0.6638228386907383,1.596594444758726,0.0,0.0,0.0,0.0,0.0,0.0,0.0,0.0,1.0
2024-12-22,480.8408286673579,3.808408286673579,0.8404239752782379,14.047217537942664,2.3965498881908216,15.806164821784428,2.742429682824656,-0.28814159989074606,0.10236574166500301,-0.231883053131551,0.6552913547629533,1.447078124116083,0.0,1.0,0.0,0.0,0.0,0.0,0.0,0.0,0.0
2024-12-23,578.1034247284857,4.7810342472848575,0.8341686308771958,14.585160202360877,3.0835906719199233,16.6644978055206,2.8891681627767807,-0.2250985229344784,0.22514473946895586,-0.187504513551899,0.743541758403053,1.6680432200033946,0.0,1.0,0.0,0.0,1.0,1.0,0.0,0.0,1.0
2024-12-24,584.2449041949985,4.842449041949985,0.9082965620476977,15.237774030354132,2.994036843786604,17.826828476650334,3.034949132256134,-0.18497486324428503,0.2693152325813535,-0.11333890983721517,0.8071150741230002,1.6055891836850145,0.0,1.0,0.0,0.0,1.0,1.0,0.0,0.0,0.0
2024-12-25,566.7935999505665,4.667935999505666,0.9228478491362442,14.625632377740304,2.9397295282717497,17.61020845218929,3.001436265709156,-0.2150399536118427,0.21965462168097427,-0.11046746199355062,0.8104175840305299,1.5447191265486229,0.0,1.0,0.0,0.0,1.0,0.0,0.0,0.0,0.0
2024-12-26,521.8225493991642,4.218225493991643,0.8516835564901013,13.66610455311973,2.5967415610691087,16.38791170585467,2.7425493716337526,-0.27126432558982994,0.13166300658814123,-0.1600646405497358,0.7280383091149274,1.3773264694235445,0.0,0.0,0.0,0.0,0.0,0.0,0.0,0.0,0.0
2024-12-27,521.8225493991642,4.218225493991643,0.8226974994493501,14.07672849915683,2.450431263976147,16.499225253064466,2.7329742669060444,-0.32028847889707235,0.07611299660610893,-0.12082401853940095,0.6896007632467342,1.310742773094982,0.0,0.0,0.0,0.0,0.0,0.0,0.0,0.0,0.0
2024-12-28,521.8225493991642,4.218225493991643,0.8412575953882442,14.822934232714925,2.774251943350016,16.692297998090606,2.882585278276481,-0.2823755429879127,0.09712517468556592,-0.05031213959152947,0.7924372523117569,1.3834926740962832,0.0,1.0,0.0,0.0,0.0,0.0,1.0,0.0,0.0
2024-12-29,499.33509000736603,3.9933509000736604,0.8109192040756998,14.086003372681283,2.5433926099456925,15.866711086736498,2.763375224416517,-0.301865865525226,0.045817528448792055,-0.07407450384082548,0.7416152942903274,1.314929003790236,0.0,0.0,0.0,0.0,0.0,0.0,1.0,0.0,0.0
2024-12-30,554.0743842330944,4.540743842330944,0.7926744011851459,14.561551433389544,2.429666702161644,15.129470632904468,2.757869539198085,-0.3609792191557526,0.02710121780794572,0.027429494535521126,0.7545501247614854,1.3652769135034224,0.0,0.0,0.0,0.0,0.0,0.0,1.0,0.0,0.0
2024-12-31,512.2488209862508,4.122488209862508,0.8068714916632183,15.835581787521079,2.2884676818230223,14.003306028521353,2.781687612208259,-0.37263553607202293,-0.0009982032341786518,-0.05012835424474238,0.7358359019521503,1.3321264920518185,1.0,0.0,0.0,0.0,0.0,0.0,1.0,0.0,0.0
2025-01-01,497.4509046502098,3.9745090465020976,0.8267949542273461,15.343170320404724,2.4057075923756788,14.762122203654414,2.891561938958707,-0.3357050309942986,0.08454781393491717,-0.07722631442919659,0.7817040951122853,1.4238841432369744,0.0,0.0,0.0,0.0,0.0,0.0,1.0,0.0,0.0
2025-01-02,593.9098751621342,4.939098751621342,0.8755618274377339,16.268128161888704,2.5520178894686403,16.12558441463593,3.056852184320766,-0.3392844313308936,0.10146735875424229,0.10170551360364732,0.909676354029062,1.4622956384001808,0.0,0.0,0.0,0.0,0.0,0.0,1.0,1.0,0.0
2025-01-03,631.4134819582425,5.314134819582425,0.9006960447270962,17.222596964586845,2.725907784048557,17.050766942568178,3.5236385397965293,-0.29745245732877723,0.18376921541225788,0.19173136030994709,0.9948077205342727,1.6682129320586068,1.0,0.0,0.0,1.0,0.0,0.0,1.0,1.0,1.0
