,portfolio_value,portfolio_cum_return,benchmark_cum_return,DOGE_cum_return,ETH_cum_return,FET_cum_return,IMX_cum_return,LINK_cum_return,MKR_cum_return,OP_cum_return,SOL_cum_return,UNI_cum_return,DOGE_position,ETH_position,FET_position,IMX_position,LINK_position,MKR_position,OP_position,SOL_position,UNI_position
2024-02-17,100.0,0.0,0.0,0.0,0.0,0.0,0.0,0.0,0.0,0.0,0.0,0.0,0.0,1.0,1.0,1.0,0.0,0.0,0.0,0.0,1.0
2024-02-18,100.0,0.0,0.009433823492409399,0.019988031119090532,0.03462311557788955,0.0466209349593496,0.05889423076923084,0.004242363745258437,0.02030861591857791,0.059497206703910566,0.03061243211507425,-0.01403553953129022,0.0,1.0,1.0,1.0,0.0,0.0,0.0,0.0,1.0
2024-02-19,104.83768647510851,0.04837686475108516,0.0023386653794297274,0.07049670855774992,0.05710696338837029,0.24402947154471533,0.03539347165991891,-0.00988221201836692,0.012663571127057738,0.10698324022346362,0.024310142374871724,-0.00875611640484153,1.0,1.0,1.0,1.0,0.0,0.0,1.0,0.0,1.0
2024-02-20,107.50631292853838,0.07506312928538383,0.011831715190311787,0.030760023937761893,0.08226489590811203,0.33981199186991873,0.11886386639676116,-0.037183070473148394,0.00028141269171233496,0.13631284916201114,-0.005412446792895875,-0.02665464846767962,0.0,1.0,1.0,1.0,0.0,0.0,1.0,0.0,1.0
2024-02-21,105.81245082246026,0.05812450822460269,0.0035893858695295044,0.012327947336923994,0.06530150753768837,0.4551575203252032,0.06041244939271251,-0.07217009383110407,-0.0377093006894611,0.05139664804469257,-0.03573132247174515,-0.048287406644347164,0.0,1.0,1.0,1.0,0.0,0.0,0.0,0.0,1.0
2024-02-22,103.90176214871055,0.039017621487105414,-0.00788755206012759,0.006463195691202905,0.06649676956209638,0.4040904471544715,0.02429149797570851,-0.09537831902575367,-0.049763144317808705,0.015642458100558754,-0.0660777190664904,-0.05227916559361312,0.0,1.0,1.0,1.0,0.0,0.0,0.0,0.0,1.0
2024-02-23,115.10352561019056,0.1510352561019055,-0.017790540898869667,0.011370436864153177,0.0490201005025126,0.3441310975609757,-0.03570976720647767,-0.10451187861848676,-0.06758594812626051,-0.020111731843575398,-0.08288382504036396,0.4679371619881536,1.0,1.0,1.0,0.0,0.0,0.0,0.0,0.0,1.0
2024-02-24,116.55022967513494,0.16550229675134953,-0.0018497579269395326,0.031238779174147302,0.0743969849246231,0.36941056910569103,-0.0253036437246964,-0.07496506288680382,-0.04080484029829745,0.02486033519553077,-0.04489578746514011,0.449781097089879,1.0,1.0,1.0,0.0,0.0,0.0,0.0,0.0,1.0
2024-02-25,118.09018079841789,0.18090180798417888,0.001253817291065662,0.030999401555954487,0.11736180904522597,0.4020579268292681,0.014075151821862475,-0.06538231183869048,-0.03714647530603621,0.0837988826815641,-0.049895420519594835,0.43420036054596967,1.0,1.0,1.0,1.0,0.0,0.0,1.0,0.0,1.0
2024-02-26,118.8800527976189,0.18880052797618907,0.05549583460915075,0.06822262118491906,0.14026920315865032,0.417555894308943,0.04738107287449389,-0.04731483330005992,-0.012663571127057849,0.06955307262569832,0.00941215323645972,0.3664692248261654,0.0,1.0,1.0,0.0,0.0,0.0,0.0,0.0,1.0
2024-02-27,119.09169915099172,0.19091699150991714,0.10472703441436204,0.16888090963494906,0.16420674802584356,0.36598069105691056,0.05807186234817818,-0.05000998203234186,0.013554711317480539,0.03575418994413404,-0.005118890356671013,0.39479783672418245,1.0,1.0,1.0,0.0,0.0,0.0,0.0,0.0,1.0
2024-02-28,133.76194503342816,0.33761945033428153,0.210053686915745,0.3870736086175943,0.21464465183058157,0.7129065040650406,0.05595268218623484,-0.029646636055100872,0.021246658224286064,0.05307262569832405,0.09556179362982542,0.40703064640741693,1.0,0.0,1.0,0.0,0.0,0.0,0.0,0.0,1.0
2024-02-29,139.1809648510328,0.39180964851032796,0.18412049497718241,0.404428485936565,0.1995226130653267,0.8687754065040652,0.011007085020243057,-0.03783190257536451,-0.01740068477088308,0.034078212290502785,0.15375935711140487,0.43239763069791404,1.0,0.0,1.0,0.0,0.0,0.0,0.0,0.0,1.0
2024-03-01,157.72182979496222,0.5772182979496221,0.20846309251963846,0.6685816876122084,0.2322469490308685,1.190040650406504,0.014423076923076872,0.0014973048512676446,-0.011350311899066545,0.050000000000000044,0.18758256274768814,0.48918362091166623,1.0,0.0,1.0,0.0,0.0,0.0,0.0,0.0,1.0
2024-03-02,165.8296638117299,0.6582966381172988,0.2008964464596017,0.7006582884500299,0.22833452979181623,1.2879827235772354,0.024386386639676072,0.0687262926731882,0.0056282538342480315,0.11536312849162011,0.194260971671804,0.6236157610095288,1.0,0.0,1.0,0.0,0.0,0.0,0.0,0.0,1.0
2024-03-03,169.528941905916,0.6952894190591601,0.22235553520269136,0.8397366846199883,0.253226848528356,1.2487296747967478,0.050227732793522106,0.023757236973447782,-0.01665025092631678,0.11424581005586587,0.19711397328636449,0.6273499871233583,1.0,0.0,1.0,0.0,0.0,0.0,0.0,0.0,1.0
2024-03-04,177.25292599800676,0.7725292599800675,0.32311092237829664,1.1789347695990422,0.30208901651112696,1.1913109756097562,-0.008698127530364363,0.019914154521860628,-0.01632193611931887,0.09329608938547485,0.22422207544400408,0.5912953901622457,1.0,0.0,1.0,0.0,0.0,0.0,0.0,0.0,1.0
2024-03-05,172.17986087516388,0.7217986087516388,0.23486448205423183,0.8323159784560143,0.2750323043790379,1.2052845528455283,-0.08248987854251022,-0.053503693351966586,-0.06336475775057449,0.2620111731843575,0.14998899163364166,0.6976564511975276,1.0,1.0,1.0,0.0,0.0,0.0,1.0,0.0,1.0
2024-03-06,195.60526055187486,0.9560526055187486,0.2797971285687244,0.8898862956313587,0.37128140703517576,2.0843495934959346,-0.0051556174089067985,0.003044519864244366,-0.022372308991135403,0.269832402234637,0.20097607515044769,0.9837754313674993,1.0,1.0,1.0,0.0,0.0,0.0,1.0,0.0,1.0
2024-03-07,198.15041993851463,0.9815041993851463,0.29558945864435215,0.8876122082585278,0.388776022972003,2.2722306910569103,0.05693319838056676,0.003094430025953221,-0.012194549974203883,0.30418994413407807,0.3209764420959931,0.9154004635591038,1.0,1.0,1.0,0.0,0.0,0.0,1.0,1.0,1.0
2024-03-08,200.1981647124551,1.001981647124551,0.3217371040498027,0.9694793536804309,0.3939303661162956,2.4874237804878048,0.06714954453441302,-0.01612098223198244,-0.01866704188358881,0.255586592178771,0.32906759136944075,0.8776719031676539,1.0,1.0,1.0,0.0,0.0,0.0,0.0,1.0,1.0
2024-03-09,207.5394771399214,1.075394771399214,0.32543081340187063,1.140754039497307,0.40203517587939697,2.9094258130081303,0.11712424089068829,-0.002545418247155262,0.13460907086909613,0.31480446927374306,0.32489358579186867,0.8264228689157866,1.0,1.0,1.0,0.0,0.0,1.0,1.0,1.0,1.0
2024-03-10,206.8591252657257,1.068591252657257,0.3361170993349232,1.0342309994015562,0.392462311557789,2.513973577235772,0.08030743927125505,0.0824016769814333,0.32282725950940394,0.26871508379888254,0.32556326141200653,0.8327324233839815,1.0,0.0,1.0,0.0,0.0,1.0,0.0,1.0,1.0
2024-03-11,207.71105337175433,1.0771105337175433,0.3957084532214665,1.1808497905445843,0.4599784637473079,2.4340701219512195,0.15371963562753033,0.06323617488520661,0.22405140471835283,0.28044692737430155,0.3674409217672099,0.8590007725985063,1.0,1.0,1.0,0.0,0.0,1.0,0.0,0.0,1.0
2024-03-12,202.5482247135021,1.0254822471350211,0.3834170566377797,1.0132854578096948,0.4293539124192389,2.396214430894309,0.14233299595141702,0.033689359153523446,0.23685568219126685,0.21899441340782122,0.38706333480111543,0.8108421323718775,1.0,0.0,1.0,0.0,0.0,1.0,0.0,1.0,1.0
2024-03-13,210.39788186996475,1.1039788186996473,0.41552914070353886,1.023219628964692,0.4382627422828427,2.373348577235772,0.09722925101214575,0.035935316430425246,0.3591763988555885,0.23379888268156424,0.5049812857771907,0.8319598248776718,1.0,0.0,1.0,0.0,0.0,1.0,0.0,1.0,0.0
2024-03-14,221.06633729723367,1.2106633729723368,0.3812618767155793,1.1226810293237581,0.39353912419239045,2.6220782520325203,0.04946862348178138,0.042822918746256544,0.3618029173115709,0.17430167597765345,0.6223671657126084,0.7959052279165593,1.0,0.0,1.0,0.0,0.0,1.0,0.0,1.0,0.0
2024-03-15,214.43281952365209,1.144328195236521,0.345306082000967,0.9582286056253742,0.34338478104809766,2.4090447154471546,-0.028846153846153855,-0.019964064683569704,0.32770507949908545,0.06592178770949708,0.6893714222809335,0.6824620139067732,1.0,0.0,1.0,0.0,0.0,1.0,0.0,1.0,0.0
2024-03-16,202.14004141654726,1.0214004141654724,0.2629958220283968,0.7053261520047875,0.26531945441493177,2.0771087398373984,-0.0975455465587044,-0.09562786983429827,0.33821115332301477,-0.008100558659217882,0.6712901805372082,0.5489312387329384,0.0,0.0,1.0,0.0,0.0,1.0,0.0,1.0,0.0
2024-03-17,230.41014899445938,1.304101489944594,0.322791564778689,0.8466786355475764,0.30847092605886584,2.569486788617886,-0.06262651821862342,-0.06847674186464359,0.5402654659725155,0.0008379888268157387,0.8527264054014383,0.5995364408962143,1.0,0.0,1.0,0.0,0.0,1.0,0.0,1.0,0.0
2024-03-18,214.01614992240485,1.1401614992240483,0.30865079736818357,0.7181328545780972,0.2641026561378319,2.161204268292683,-0.10187879554655865,-0.08634457975643839,0.4296702781295436,-0.0776536312849162,0.7993450022016733,0.5293587432397631,0.0,0.0,0.0,0.0,0.0,1.0,0.0,1.0,0.0
2024-03-19,190.2649187848562,0.9026491878485621,0.19819622956740401,0.541711549970078,0.13367910983488862,2.022357723577236,-0.18351467611336036,-0.16096027151127978,0.3035035880118193,-0.03910614525139666,0.558757155438133,0.366726757661602,0.0,0.0,0.0,0.0,0.0,1.0,0.0,1.0,0.0
2024-03-20,211.75873785964444,1.1175873785964443,0.31340748365179416,0.8201077199281868,0.2617408470926059,2.4889481707317076,-0.08131958502024283,-0.0808544619684568,0.4292481590919752,-0.008659217877095005,0.7605680317040953,0.5339943342776203,1.0,0.0,1.0,0.0,0.0,1.0,0.0,1.0,0.0
2024-03-21,210.85647658735851,1.1085647658735853,0.26745676381976446,0.8600837821663674,0.25369705671213216,2.1946138211382116,-0.09713436234817818,-0.07885805550009994,0.5862764410674921,-0.043016759776536295,0.6469892118009688,0.5687612670615503,1.0,0.0,0.0,0.0,0.0,1.0,0.0,1.0,0.0
2024-03-22,202.91811769527942,1.029181176952794,0.23513119403741944,0.8308797127468581,0.19810122038765243,2.084730691056911,-0.1333185728744939,-0.08300059892194056,0.4698184888138457,-0.043016759776536295,0.6077443857331573,0.5141643059490086,1.0,0.0,0.0,0.0,0.0,1.0,0.0,1.0,0.0
2024-03-23,204.12223825834377,1.0412223825834377,0.23869832165000648,0.9382405745062836,0.1950035893754487,2.0713922764227646,-0.07053390688259109,-0.09832301856658032,0.43103043947282016,-0.04189944134078205,0.5845167327168648,0.49549317537986104,1.0,0.0,0.0,0.0,0.0,1.0,0.0,1.0,0.0
2024-03-24,217.0258505358297,1.170258505358297,0.30075182585449434,1.1125074805505686,0.24041277817659723,2.2822662601626016,-0.059526821862348256,-0.07536434418047522,0.48018385629191895,0.035474860335195535,0.688123807426978,0.550218902910121,1.0,0.0,0.0,0.0,0.0,1.0,0.0,1.0,0.0
2024-03-25,221.9699691014943,1.2196996910149434,0.3527267913154861,1.098623578695392,0.28892318736539835,2.38452743902439,-0.022741649797570762,-0.03259133559592742,0.5495520847990245,0.07737430167597759,0.7354781300455013,0.6004378058202422,1.0,0.0,0.0,0.0,0.0,1.0,0.0,1.0,0.0
2024-03-26,223.51065074185894,1.2351065074185894,0.35470332453196685,1.1812088569718733,0.2879361091170136,2.5940040650406506,-0.049342105263157965,-0.0011479337193052164,0.5090286571924394,0.09273743016759761,0.7487065169528841,0.6343033736801442,1.0,0.0,0.0,0.0,0.0,1.0,0.0,1.0,0.0
2024-03-27,227.11058357960528,1.2711058357960527,0.3439334249728354,1.280071813285458,0.2575520459440057,2.9461382113821135,-0.06844635627530371,-0.03698342982631264,0.5465972515360444,0.024581005586592264,0.7104065756641715,0.5768735513778007,1.0,0.0,1.0,0.0,0.0,1.0,0.0,1.0,0.0
2024-03-28,245.73283464611154,1.4573283464611153,0.3703572663144312,1.6349491322561343,0.2786360373295047,3.144308943089431,-0.07024924089068829,-0.043621481333599665,0.7072369963885372,0.0405027932960893,0.7416336415675915,0.641643059490085,1.0,0.0,1.0,0.0,0.0,1.0,0.0,1.0,0.0
2024-03-29,242.03928310483337,1.4203928310483338,0.35298750324680217,1.5509275882704965,0.2601722900215364,2.9413109756097557,-0.018218623481781382,-0.05290477141145944,0.721542141550584,0.010893854748603493,0.7631733450755906,0.6278650527942311,1.0,0.0,1.0,0.0,0.0,1.0,0.0,1.0,0.0
2024-03-30,242.14777119503773,1.4214777119503772,0.34762848917532563,1.38491921005386,0.2588442211055275,3.070884146341464,-0.025999493927125417,-0.05490117787981641,0.7607992120444631,0.02206703910614527,0.782905841773081,0.6233582281740921,1.0,0.0,1.0,0.0,0.0,1.0,0.0,1.0,0.0
2024-03-31,251.01623019885633,1.5101623019885633,0.3797970898587122,1.6347097546379414,0.30894472361809044,2.875508130081301,-0.037227985829959565,-0.04267318826112998,0.8433938370620517,0.030167597765363263,0.8592947306619698,0.6671388101983002,1.0,0.0,0.0,0.0,0.0,1.0,0.0,1.0,0.0
2024-04-01,237.11318766482958,1.3711318766482958,0.34869204675704957,1.4538599640933576,0.2580150753768844,2.6589176829268295,-0.0842927631578948,-0.08339988021561207,0.7575160639744853,-0.023184357541899514,0.764595259063555,0.5987638423899047,1.0,0.0,0.0,0.0,0.0,1.0,0.0,1.0,0.0
2024-04-02,224.22430007289418,1.242243000728942,0.26705882489564736,1.18491921005386,0.17713567839195976,2.3917682926829267,-0.15871710526315785,-0.10381313635456191,0.7610806247361757,-0.11815642458100561,0.6666574930280347,0.455318053051764,1.0,0.0,0.0,0.0,0.0,1.0,0.0,1.0,0.0
2024-04-03,223.49672401207135,1.2349672401207137,0.2771965899576163,1.0973070017953321,0.18879396984924623,2.2776930894308944,-0.14612854251012142,-0.11693950888400872,0.7806857089254726,-0.14748603351955303,0.6987101864083372,0.3994334277620397,0.0,0.0,0.0,0.0,0.0,1.0,0.0,1.0,0.0
2024-04-04,227.58130711521537,1.2758130711521538,0.3263062403249162,1.1543985637342908,0.19482770997846366,2.42797256097561,-0.11449898785425106,-0.1121481333599521,0.8558697997279678,-0.13268156424581012,0.6890778658447085,0.41334020087561174,0.0,0.0,0.0,0.0,0.0,1.0,0.0,0.0,0.0
2024-04-05,212.1730248295457,1.121730248295457,0.31336316068796966,1.1210053859964093,0.19082555635319443,2.3160569105691056,-0.15979251012145745,-0.13530644839289285,0.7302190328783829,-0.19748603351955307,0.6003412593571114,0.4069018799896986,0.0,0.0,0.0,0.0,0.0,1.0,0.0,0.0,0.0
2024-04-06,213.25430779696111,1.1325430779696113,0.3339448870074102,1.2238180730101735,0.20293610911701365,2.341971544715447,-0.14445217611336036,-0.12352765022958678,0.7390366305520382,-0.16424581005586592,0.6399530309702042,0.44746330157095016,0.0,0.0,0.0,0.0,0.0,1.0,0.0,0.0,0.0
2024-04-07,209.00969699934103,1.0900969699934104,0.3422762493559621,1.3814482345900658,0.23977027997128508,2.4385162601626016,-0.14245951417004055,-0.1061589139548813,0.7044228694714132,-0.10698324022346373,0.6477231028915311,0.4680659284058717,1.0,0.0,0.0,0.0,0.0,1.0,0.0,0.0,0.0
2024-04-08,213.90606314537277,1.1390606314537277,0.38625450052277865,1.4251346499102335,0.32659009332376177,2.5654217479674797,-0.10130946356275305,-0.0961269714513876,0.7530134609070869,-0.06005586592178769,0.6587956847203875,0.49678083955704366,1.0,1.0,0.0,0.0,0.0,1.0,0.0,0.0,0.0
2024-04-09,198.9828363846937,0.9898283638469372,0.33776014579738933,1.263674446439258,0.25843503230437914,2.284552845528455,-0.16437879554655865,-0.1335595927330805,0.5928896393227334,-0.15000000000000002,0.5829847350653163,0.4437290754571208,0.0,1.0,0.0,0.0,0.0,0.0,0.0,0.0,0.0
2024-04-10,201.28651959315198,1.0128651959315196,0.367122270605436,1.3900658288450032,0.27300430725053837,2.38452743902439,-0.1722229251012145,-0.13046516270712716,0.5690164626424654,-0.15167597765363128,0.5910575370615001,0.29371619881534894,1.0,0.0,0.0,0.0,0.0,0.0,0.0,0.0,0.0
2024-04-11,195.38974890047865,0.9538974890047864,0.35525165185299,1.3200478755236387,0.25733309404163673,2.23755081300813,-0.1892079959514169,-0.12387702136154932,0.576380094742273,-0.17877094972067042,0.5824251431087628,0.1767962915271697,0.0,0.0,0.0,0.0,0.0,0.0,0.0,0.0,0.0
2024-04-12,195.38974890047865,0.9538974890047864,0.2996617519145004,1.0835427887492521,0.1620064608758076,1.7184959349593498,-0.3020306174089068,-0.2440107805949292,0.3774213217016089,-0.31480446927374306,0.4050528401585205,0.020087561164048306,0.0,0.0,0.0,0.0,0.0,0.0,0.0,0.0,0.0
2024-04-13,195.38974890047865,0.9538974890047864,0.23919980985642053,0.8269299820466787,0.07876525484565677,1.4786585365853657,-0.3506452429149798,-0.33694350169694554,0.31138314337976647,-0.40698324022346366,0.27024622046088376,-0.11022405356682974,0.0,0.0,0.0,0.0,0.0,0.0,0.0,0.0,0.0
2024-04-14,195.38974890047865,0.9538974890047864,0.27311519983463084,0.9400359066427291,0.13209978463747318,1.8272357723577235,-0.31287955465587036,-0.2965661808744261,0.4214624079545988,-0.3474860335195531,0.3869349038602674,-0.031290239505537,0.0,0.0,0.0,0.0,0.0,0.0,0.0,0.0,0.0
2024-04-15,195.38974890047865,0.9538974890047864,0.22811732694979425,0.9302214242968283,0.11356424982053115,1.6048018292682928,-0.38221153846153844,-0.3221201836693951,0.4402701561840441,-0.36675977653631286,0.270016879495083,-0.06682977079577646,0.0,0.0,0.0,0.0,0.0,0.0,0.0,0.0,0.0
2024-04-16,195.38974890047865,0.9538974890047864,0.23513854893971353,0.8670257330939557,0.106923905240488,1.6820376016260163,-0.3991333502024291,-0.32790976242763037,0.5275549927301721,-0.3737430167597765,0.24929362982533387,-0.07429822302343547,0.0,0.0,0.0,0.0,0.0,1.0,0.0,0.0,0.0
2024-04-17,188.5146022198944,0.8851460221989442,0.18606238273285713,0.7664871334530221,0.07143216080402026,1.5235010162601625,-0.40628162955465585,-0.34447993611499306,0.4738051686131046,-0.39497206703910615,0.20891127256715114,-0.11292814833891318,0.0,0.0,0.0,0.0,0.0,1.0,0.0,0.0,0.0
2024-04-18,179.7376915796721,0.797376915796721,0.22931095017208536,0.82262118491921,0.09996051687006458,1.6001016260162602,-0.3631705465587045,-0.3068476741864644,0.40518737395056514,-0.37821229050279337,0.30226221928665775,-0.060520216327581755,0.0,0.0,0.0,0.0,0.0,0.0,0.0,0.0,0.0
2024-04-19,179.7376915796721,0.797376915796721,0.23578558679152462,0.870855774985039,0.09695979899497487,1.6777184959349594,-0.35605389676113364,-0.3040027949690557,0.3843628347638479,-0.3762569832402235,0.30672978130045503,-0.03541076487252126,0.0,0.0,0.0,0.0,0.0,0.0,0.0,0.0,0.0
2024-04-20,179.7376915796721,0.797376915796721,0.25747287105578853,0.9464991023339318,0.13249102656137834,2.1642530487804876,-0.302252024291498,-0.2534937113196247,0.4627362694057502,-0.30000000000000004,0.38664134742404244,0.013778006695853717,0.0,0.0,0.0,0.0,1.0,0.0,0.0,0.0,0.0
2024-04-21,181.4921679432899,0.8149216794328991,0.25716415870950105,0.8938360263315381,0.12973079684134947,2.073678861788618,-0.3110450404858299,-0.2462068277101218,0.4072041649078375,-0.31731843575418994,0.36443196829590496,-0.004506824620139072,0.0,0.0,0.0,0.0,1.0,0.0,0.0,0.0,0.0
2024-04-22,185.57793481746842,0.8557793481746843,0.2940596389672012,0.9296229802513465,0.14858578607322337,2.136941056910569,-0.2468370445344129,-0.22923737272908773,0.3589418882791615,-0.2871508379888268,0.43916960223102897,0.055884625289724266,0.0,0.0,0.0,1.0,1.0,0.0,0.0,0.0,0.0
2024-04-23,183.03699672745503,0.8303699672745504,0.28544646773075333,0.9128665469778574,0.15557430007178752,2.1121697154471546,-0.2545862854251012,-0.24241365542024362,0.3717461657520753,-0.3039106145251397,0.41937289006311484,0.023435488024723172,0.0,1.0,0.0,1.0,1.0,0.0,0.0,0.0,0.0
2024-04-24,175.5517911464127,0.7555179114641271,0.243671009800988,0.8128067025733094,0.1273007896625986,1.8850355691056913,-0.296368927125506,-0.27435615891395493,0.3475446742648094,-0.32374301675977657,0.354955599589021,-0.005923255215040002,0.0,1.0,0.0,1.0,0.0,0.0,0.0,0.0,0.0
2024-04-25,171.168480907471,0.7116848090747101,0.24809672548136863,0.8110113704368642,0.1327781765972722,1.9186991869918701,-0.3349253542510121,-0.271661010181673,0.33910229351343757,-0.3245810055865922,0.32821444297666225,0.02111769250579454,0.0,1.0,0.0,0.0,0.0,0.0,0.0,0.0,0.0
2024-04-26,169.84237968874945,0.6984237968874945,0.23373434325174158,0.7713943746259724,0.12400215362526912,1.7419969512195124,-0.35368168016194323,-0.27665202635256536,0.34454293888654375,-0.34916201117318435,0.2769888448554234,-0.008112284316250329,0.0,1.0,0.0,0.0,1.0,0.0,0.0,0.0,0.0
2024-04-27,171.85161242302496,0.7185161242302496,0.22753319286760276,0.7682824655894676,0.16835606604450826,1.7771849593495932,-0.32442434210526316,-0.288081453383909,0.40335819145443463,-0.2667597765363129,0.2957030676647585,0.02665464846767951,0.0,1.0,0.0,1.0,0.0,0.0,1.0,0.0,0.0
2024-04-28,171.24477519718297,0.7124477519718297,0.22147391467771405,0.7555954518252543,0.1714070351758794,1.7442835365853657,-0.3351467611336033,-0.31084048712317836,0.438394071572628,-0.264804469273743,0.2652465874064289,0.007597218645377213,0.0,1.0,0.0,1.0,0.0,1.0,1.0,0.0,0.0
2024-04-29,165.26111290293818,0.6526111290293819,0.23571745717027492,0.7165769000598443,0.15498564249820523,1.7530487804878048,-0.3352732793522267,-0.2974645637851867,0.332113878335913,-0.30279329608938554,0.26343938059591965,-0.009915014164305958,0.0,1.0,0.0,0.0,0.0,0.0,1.0,0.0,0.0
2024-04-30,161.33752231326707,0.6133752231326708,0.17334111146509268,0.5964093357271094,0.08209619526202427,1.569359756097561,-0.39122596153846145,-0.34462966660011984,0.24839360255147502,-0.29189944134078205,0.16216241009834143,-0.09361318568117438,0.0,1.0,0.0,0.0,0.0,0.0,1.0,0.0,0.0
2024-05-01,168.3988638935506,0.6839886389355061,0.1277308461892508,0.5581089168162776,0.06668700646087578,1.558307926829268,-0.3586791497975709,-0.3338490716709923,0.2783171521035599,-0.21983240223463685,0.23423051519154559,-0.09258305433942826,0.0,1.0,0.0,1.0,1.0,0.0,1.0,0.0,0.0
2024-05-02,174.3854214102273,0.743854214102273,0.14333678755674395,0.5788150807899461,0.07190236898779623,1.5428099593495936,-0.30070217611336025,-0.32192054302255946,0.2957178368744431,-0.19720670391061446,0.2617239101717306,-0.08485706927633274,0.0,1.0,0.0,1.0,1.0,0.0,1.0,1.0,0.0
2024-05-03,179.03405915935826,0.7903405915935826,0.21768207544503926,0.7478156792339916,0.11378320172290013,1.7594004065040654,-0.28801872469635625,-0.2967159113595529,0.38661413629754704,-0.2013966480446927,0.31739872302950256,-0.023306721607004866,0.0,1.0,0.0,1.0,1.0,0.0,1.0,0.0,0.0
2024-05-04,179.80501609343963,0.7980501609343964,0.23684062817059193,0.9165769000598443,0.11893036611629593,1.7426321138211378,-0.2952935222672064,-0.2855859452984628,0.3452464706158247,-0.19581005586592182,0.33941545574636733,-0.030260108163790878,1.0,1.0,0.0,1.0,1.0,0.0,1.0,0.0,0.0
2024-05-05,180.8787554029455,0.8087875540294549,0.23917426124845198,0.9267504488330343,0.12576812634601575,1.9997459349593498,-0.2908337550607287,-0.2826412457576364,0.364288729421697,-0.1893854748603352,0.33635146044327024,-0.023049188771568363,1.0,1.0,1.0,1.0,1.0,0.0,1.0,0.0,0.0
2024-05-06,177.3533633446272,0.7735336334462721,0.2225055364994768,0.8731298623578696,0.09925699928212506,2.0212144308943087,-0.3152834008097166,-0.27695148732281893,0.30369119647296094,-0.2268156424581006,0.4015852047556143,-0.03759979397373159,1.0,0.0,1.0,1.0,1.0,0.0,1.0,1.0,0.0
2024-05-07,172.5546379739978,0.7255463797399782,0.20612191098942412,0.7958108916816278,0.07898420674802598,1.9673526422764227,-0.3165802125506073,-0.3012577360750649,0.31391585760517815,-0.2550279329608939,0.3577994275649494,-0.04764357455575585,0.0,0.0,1.0,1.0,1.0,0.0,1.0,1.0,0.0
2024-05-08,165.15407092925224,0.6515407092925225,0.18393662241983244,0.7144225014961103,0.06756640344580034,1.7355182926829267,-0.3543775303643725,-0.3061988420842484,0.2642934196332254,-0.28044692737430166,0.30373917510641424,-0.0562709245428793,0.0,1.0,0.0,1.0,1.0,0.0,1.0,1.0,0.0
2024-05-09,171.94119534821567,0.7194119534821568,0.2207893281141915,0.8211849192100538,0.0897343862167983,1.873221544715447,-0.31670673076923084,-0.2894789379117588,0.2885418132357771,-0.259217877094972,0.3986037722002056,-0.03412310069533864,0.0,0.0,0.0,1.0,1.0,0.0,1.0,1.0,0.0
2024-05-10,166.01993706572674,0.6601993706572673,0.17654184881340274,0.7220825852782766,0.04477027997128502,1.806275406504065,-0.3149987348178137,-0.32296865641844685,0.25270859715773186,-0.29664804469273753,0.3390393365624542,-0.08485706927633274,0.0,0.0,0.0,1.0,1.0,0.0,1.0,1.0,0.0
2024-05-11,167.48882904467973,0.6748882904467974,0.1770675307773628,0.7126271693596649,0.045369705671213234,1.7845528455284554,-0.2791624493927126,-0.33589538830105814,0.2655128746306459,-0.2921787709497208,0.33343424335828553,-0.09399948493432919,0.0,0.0,0.0,1.0,1.0,0.0,1.0,1.0,0.0
2024-05-12,165.77766781821214,0.6577766781821213,0.18942357308121238,0.6903650508677439,0.0514285714285716,1.7531758130081299,-0.3094319331983806,-0.3231682970652825,0.26176070540781393,-0.2952513966480447,0.31516952884191984,-0.09039402523821782,0.0,0.0,0.0,1.0,1.0,0.0,1.0,0.0,0.0
2024-05-13,165.5913704029553,0.6559137040295531,0.2180564012617916,0.7789347695990427,0.059188801148600145,1.6974085365853662,-0.2953884109311741,-0.33170293471750845,0.25772712349326965,-0.30307262569832405,0.35307500366945566,-0.09824877671903165,0.0,0.0,0.0,1.0,0.0,0.0,1.0,1.0,0.0
2024-05-14,155.97382783535267,0.5597382783535267,0.19110397470532958,0.7415918611609815,0.03464465183058141,1.543191056910569,-0.36348684210526316,-0.35206628069474954,0.2560386473429952,-0.3310055865921788,0.3023172611184499,-0.1260623229461757,0.0,0.0,0.0,1.0,0.0,0.0,0.0,0.0,0.0
2024-05-15,181.90746070839432,0.8190746070839432,0.28216637485769236,0.859245960502693,0.08819813352476658,1.8667428861788617,-0.2576543522267206,-0.307795967258934,0.31630786548473333,-0.30586592178770955,0.45331535300161474,-0.051764099922740114,0.0,0.0,0.0,1.0,0.0,0.0,0.0,1.0,0.0
2024-05-16,183.67603975331238,0.8367603975331237,0.26295633781608174,0.7921005385996409,0.057085427135678435,1.8996443089430892,-0.2473431174089069,-0.2254941106009184,0.2625580413676658,-0.3391061452513966,0.4613881549977983,-0.060906515580736564,0.0,0.0,0.0,1.0,1.0,0.0,0.0,1.0,0.0
2024-05-17,190.73324520948242,0.9073324520948243,0.2976821218970538,0.8617594254937162,0.10991744436468065,1.9810721544715446,-0.24278846153846145,-0.1897584348173288,0.30589559589137494,-0.28240223463687153,0.5535648759724057,-0.03541076487252126,0.0,0.0,0.0,1.0,1.0,0.0,0.0,1.0,0.0
2024-05-18,191.37674306423628,0.9137674306423629,0.29531190785778394,0.8317175344105328,0.12105527638190972,1.8929115853658534,-0.2527834008097166,-0.18496705929327228,0.32423432296796606,-0.28798882681564253,0.5806087626596215,0.012104043265516395,0.0,0.0,0.0,1.0,1.0,0.0,0.0,1.0,1.0
2024-05-19,187.52502644252542,0.8752502644252542,0.28249405510989556,0.783961699581089,0.10244077530509688,1.7940802845528454,-0.2921305668016194,-0.17348772210021968,0.3007832653252662,-0.31480446927374306,0.5581700425656835,-0.015967035797064044,0.0,0.0,0.0,1.0,1.0,0.0,0.0,1.0,1.0
2024-05-20,211.2343635595085,1.112343635595085,0.3825700815736084,0.9839616995810891,0.3146733668341708,2.080665650406504,-0.19078947368421062,-0.13815132761030147,0.48524928474274187,-0.18770949720670393,0.7127275062380742,0.20113314447592057,0.0,1.0,0.0,1.0,1.0,1.0,1.0,1.0,1.0
2024-05-21,208.4893434499184,1.0848934344991843,0.35761509164014704,1.0377019748653504,0.36047020818377606,2.2116361788617884,-0.21175986842105254,-0.1642044320223599,0.4379719525350594,-0.21005586592178782,0.6342837222956115,0.24375482874066456,1.0,1.0,1.0,1.0,1.0,0.0,1.0,1.0,1.0
2024-05-22,204.70284944066086,1.0470284944066086,0.3376231123546485,0.9905445840813885,0.34175520459440056,2.2247205284552845,-0.20353618421052633,-0.18341984428029545,0.380376154964589,-0.2553072625698324,0.6240092470277412,0.19855781612155554,1.0,1.0,1.0,1.0,1.0,0.0,1.0,1.0,1.0
2024-05-23,200.67234129843223,1.0067234129843223,0.3149878198947009,0.9117893476959906,0.35796482412060304,2.000508130081301,-0.2275746457489879,-0.1714913156318626,0.33136344449134647,-0.2675977653631285,0.6162300014677822,0.1702292042235385,0.0,1.0,0.0,1.0,1.0,0.0,1.0,1.0,1.0
2024-05-24,202.98924144744052,1.0298924144744053,0.3267430828111675,0.9608617594254938,0.33812275664034463,1.9344512195121952,-0.22131199392712553,-0.13894989019764437,0.29088691900004715,-0.2960893854748603,0.5380247321297522,0.31509142415657987,1.0,1.0,0.0,1.0,1.0,0.0,0.0,0.0,1.0
2024-05-25,210.62919102476664,1.1062919102476663,0.3411019811397078,1.0822262118491923,0.3462383345297917,1.9153963414634143,-0.22131199392712553,-0.1295168696346577,0.3126495004924721,-0.2874301675977653,0.5444371055335389,0.45879474633015715,1.0,1.0,0.0,1.0,1.0,0.0,0.0,0.0,1.0
2024-05-26,206.16742647808047,1.0616742647808048,0.3253092639639594,0.9891083183722322,0.3734314429289305,1.8391768292682924,-0.25578820850202433,-0.14938111399480947,0.3285024154589373,-0.2935754189944134,0.49993578452957577,0.437934586659799,1.0,1.0,0.0,1.0,1.0,0.0,0.0,0.0,1.0
2024-05-27,212.0290646487223,1.120290646487223,0.34263199436691893,1.0244165170556556,0.39790021536252707,1.9255589430894307,-0.2453504554655871,-0.062188061489319324,0.29674968341072194,-0.27765363128491627,0.5618028034639659,0.4236415142930723,1.0,1.0,0.0,1.0,1.0,0.0,0.0,1.0,1.0
2024-05-28,208.79522581376355,1.0879522581376353,0.3223723353479313,0.9748653500897668,0.3799928212491026,1.8391768292682924,-0.2732793522267206,-0.0747155120782591,0.2751747103794382,-0.28882681564245816,0.5485744165565829,0.4302086015967035,1.0,1.0,0.0,1.0,1.0,0.0,0.0,1.0,1.0
2024-05-29,204.26528462520145,1.0426528462520146,0.30780711265503835,0.9614602034709754,0.35240847092605887,1.7883638211382111,-0.3001644736842105,-0.07870832501497316,0.26185450963838486,-0.3047486033519553,0.5450058711287247,0.34470770023177955,1.0,1.0,0.0,0.0,1.0,0.0,0.0,1.0,1.0
2024-05-30,202.70043943310017,1.0270043943310019,0.32269362844814276,0.908557749850389,0.3454450825556352,1.774390243902439,-0.3143661437246964,-0.10436214813335998,0.2692650438534778,-0.30921787709497217,0.5318692206076618,0.3852691218130311,0.0,1.0,0.0,0.0,1.0,0.0,0.0,0.0,1.0
2024-05-31,199.69654894109055,0.9969654894109055,0.3059289028692249,0.9032914422501495,0.3505671213208901,1.7159552845528454,-0.31310096153846156,-0.08090437213016577,0.2704844988508983,-0.31480446927374306,0.5206406869220608,0.28212722122070577,0.0,1.0,0.0,0.0,1.0,0.0,0.0,0.0,1.0
2024-06-01,200.24864746659546,1.0024864746659548,0.31070726675959626,0.9189706762417713,0.3695656855707108,1.681656504065041,-0.29810855263157887,-0.07965661808744262,0.2575864171474136,-0.30921787709497217,0.5254018053720828,0.2729848055627091,0.0,1.0,0.0,0.0,1.0,0.0,0.0,0.0,1.0
2024-06-02,195.4639112310459,0.954639112310459,0.31102139850757426,0.8805505685218433,0.35750897343862165,1.6486280487804876,-0.31411310728744946,-0.09433020562986627,0.238872473148539,-0.3360335195530727,0.497605680317041,0.21323718774143718,0.0,1.0,0.0,0.0,1.0,0.0,0.0,0.0,1.0
2024-06-03,193.83164236080995,0.9383164236080994,0.3314502202793237,0.895152603231598,0.3522469490308686,1.7172256097560972,-0.2943130060728745,-0.12033339988021563,0.2096524553257353,-0.32932960893854757,0.5136045060912962,0.2223796033994334,0.0,1.0,0.0,0.0,1.0,0.0,0.0,0.0,1.0
2024-06-04,208.36162395943174,1.0836162395943174,0.3653470294517387,0.9312986235786955,0.3677817659727207,1.699441056910569,-0.2697052125506073,-0.11544220403274119,0.23652736738426916,-0.3075418994413408,0.5768383971818583,0.4764357455575585,0.0,1.0,0.0,0.0,1.0,0.0,0.0,0.0,1.0
2024-06-05,207.61996486152387,1.0761996486152388,0.37654951339579323,0.9548773189706763,0.38774228284278545,1.738821138211382,-0.2753036437246964,-0.11434418047514472,0.2588527742601192,-0.29497206703910617,0.5931674739468664,0.4372907545712079,0.0,1.0,0.0,0.0,1.0,0.0,0.0,0.0,1.0
2024-06-06,201.40246607931482,1.0140246607931482,0.36982422944817706,0.9172950329144225,0.3688980617372577,1.5965447154471546,-0.29168775303643724,-0.13880015971251758,0.22958585432202994,-0.30586592178770955,0.5620046235138705,0.3673705897501931,0.0,1.0,0.0,0.0,0.0,0.0,0.0,0.0,1.0
2024-06-07,190.25214078240498,0.9025214078240498,0.34177669665015165,0.774266906044285,0.32058147882268484,1.348831300813008,-0.33258476720647767,-0.1854661609103614,0.174522770976971,-0.3684357541899441,0.4909364450315574,0.26422868915786757,0.0,0.0,0.0,0.0,0.0,0.0,0.0,0.0,1.0
2024-06-08,194.78656744191636,0.9478656744191636,0.3413803061265175,0.7462597247157392,0.3215075376884422,1.2167174796747968,-0.3719951923076923,-0.2051307646236774,0.13690727451808082,-0.39469273743016764,0.44794877440187886,0.29436003090394025,0.0,1.0,0.0,0.0,0.0,0.0,0.0,0.0,1.0
2024-06-09,193.2214574685774,0.932214574685774,0.34784139424173066,0.7569120287253142,0.33037688442211044,1.2065548780487805,-0.3623798076923077,-0.18302056298662417,0.1680971811828713,-0.3768156424581006,0.4871936004696904,0.2648725212464589,0.0,1.0,0.0,0.0,0.0,0.0,0.0,0.0,1.0
2024-06-10,197.43278474076396,0.9743278474076396,0.34512898369572986,0.7330939557151408,0.31685929648241196,1.107469512195122,-0.3802188765182186,-0.20602914753443813,0.1269171239622906,-0.38938547486033526,0.4594892118009688,0.33286118980169976,0.0,0.0,0.0,0.0,0.0,0.0,0.0,0.0,1.0
2024-06-11,171.24447313327977,0.7124447313327977,0.3029118445282042,0.6524236983842009,0.2552261306532664,0.9524898373983739,-0.42140055668016196,-0.25214613695348376,0.06092584775573373,-0.4256983240223464,0.3691196976368707,0.15606489827453007,0.0,0.0,0.0,0.0,0.0,0.0,0.0,0.0,0.0
2024-06-12,171.24447313327977,0.7124447313327977,0.3209520650049491,0.7500897666068223,0.2780509691313713,1.1811483739837398,-0.3926176619433198,-0.20103813136354576,0.08240701655644678,-0.40055865921787714,0.4235010274475268,0.2978367241823334,0.0,0.0,0.0,0.0,0.0,0.0,0.0,0.0,1.0
2024-06-13,172.6886422191344,0.726886422191344,0.2917308446408504,0.6889287851585879,0.24550251256281408,1.017276422764228,-0.43215460526315796,-0.24436015172689163,0.05468786642277568,-0.43770949720670393,0.35044216938206385,0.3087818696883853,0.0,0.0,0.0,0.0,0.0,0.0,0.0,0.0,1.0
2024-06-14,177.22503217117188,0.7722503217117187,0.2775153669070429,0.6157989228007184,0.24956209619526204,0.8800813008130082,-0.4573633603238866,-0.2640746656019166,0.06725763331926271,-0.4405027932960893,0.31159180977542933,0.3431625032191603,0.0,0.0,0.0,0.0,0.0,0.0,0.0,0.0,1.0
2024-06-15,195.72738669465056,0.9572738669465055,0.2811465595896119,0.6366247755834831,0.28108040201005036,0.8534044715447155,-0.44980389676113364,-0.25843481732880813,0.08395478636086495,-0.4128491620111733,0.33430573902832816,0.4833891321143444,0.0,1.0,0.0,0.0,0.0,0.0,0.0,0.0,1.0
2024-06-16,201.17501357853354,1.0117501357853356,0.28959985847619585,0.6409335727109515,0.3007932519741565,0.871189024390244,-0.45875506072874495,-0.2442603314034738,0.13962759720463414,-0.41536312849162016,0.38746697490092474,0.5431367499356168,0.0,1.0,0.0,0.0,0.0,1.0,0.0,0.0,1.0
2024-06-17,187.61929240889202,0.8761929240889201,0.2867558338891445,0.5412327947336923,0.26026920315865043,0.6755589430894309,-0.4874430668016194,-0.2753044519864245,0.0754186013789222,-0.4594972067039106,0.3136375311903714,0.3662116919907288,0.0,0.0,0.0,0.0,0.0,0.0,0.0,0.0,1.0
2024-06-18,172.69462862066348,0.7269462862066347,0.2610328373161419,0.4630760023937761,0.250218951902369,0.5167682926829267,-0.5342231781376519,-0.30225593930924344,0.04483842221284173,-0.48938547486033523,0.2600818288565978,0.25753283543651806,0.0,1.0,0.0,0.0,0.0,0.0,0.0,0.0,1.0
2024-06-19,176.26297976788632,0.7626297976788632,0.25698744750438496,0.46570915619389597,0.2778176597272075,0.9118394308943087,-0.5123355263157894,-0.2840886404471952,0.1655175648421745,-0.4662011173184357,0.24355093204168488,0.28174092196755085,0.0,1.0,0.0,0.0,0.0,1.0,0.0,0.0,1.0
2024-06-20,175.7829510138573,0.7578295101385732,0.254995623833135,0.49048473967684014,0.26088657573582186,1.0426829268292686,-0.5052505060728745,-0.28843082451587154,0.16265653580976513,-0.48743016759776536,0.22468075737560556,0.2913984032964203,0.0,1.0,1.0,0.0,0.0,1.0,0.0,0.0,1.0
2024-06-21,174.432496346172,0.74432496346172,0.24104840648299786,0.48593656493117887,0.26289303661162955,1.0185467479674797,-0.5078125,-0.30889399081653035,0.1642043056141831,-0.493854748603352,0.23416629972112135,0.26319855781612156,0.0,1.0,1.0,0.0,0.0,1.0,0.0,0.0,1.0
2024-06-22,168.79847672623288,0.6879847672623287,0.2432690063256031,0.481149012567325,0.2546446518305816,0.8686483739837398,-0.5130313765182186,-0.32726093032541437,0.10393508747244495,-0.5005586592178771,0.22584580948187294,0.26744784960082413,0.0,1.0,0.0,0.0,0.0,1.0,0.0,0.0,1.0
2024-06-23,164.84507159607998,0.6484507159607997,0.2226834090049552,0.4630760023937761,0.22788585786073212,0.7797256097560976,-0.5237854251012146,-0.34123577560391305,0.057877210262182954,-0.5220670391061453,0.1802895200352268,0.2583054339428277,0.0,0.0,0.0,0.0,0.0,0.0,0.0,0.0,0.0
2024-06-24,164.84507159607998,0.6484507159607997,0.16639072879726835,0.4242968282465589,0.20315865039483127,1.074441056910569,-0.5185032894736843,-0.3204232381712917,0.02809436705595436,-0.5053072625698325,0.2130944517833553,0.20074684522276587,0.0,0.0,0.0,0.0,0.0,0.0,0.0,0.0,0.0
2024-06-25,164.84507159607998,0.6484507159607997,0.1959402100637515,0.5102333931777376,0.21841349605168703,1.0160060975609757,-0.506578947368421,-0.291375524056698,0.10731203977299386,-0.5075418994413408,0.25260531337149583,0.22366726757661604,0.0,0.0,0.0,0.0,0.0,0.0,0.0,0.0,0.0
2024-06-26,164.84507159607998,0.6484507159607997,0.17710720853973827,0.469539198084979,0.21025125628140717,1.2522865853658534,-0.5130313765182186,-0.3054002794969056,0.14938323718399693,-0.5011173184357542,0.2550271539703508,0.2096317280453257,0.0,0.0,0.0,0.0,0.0,0.0,0.0,0.0,0.0
2024-06-27,164.84507159607998,0.6484507159607997,0.19256624541141187,0.5211250748055059,0.2386073223259153,0.9639227642276422,-0.5042699898785425,-0.2798462767019365,0.2187514656911027,-0.49804469273743024,0.3728441949214738,0.22405356682977073,0.0,0.0,0.0,0.0,0.0,0.0,0.0,0.0,0.0
2024-06-28,164.84507159607998,0.6484507159607997,0.16736525335122243,0.47312986235786947,0.2133488872936109,0.7911585365853657,-0.5298582995951417,-0.312337791974446,0.18183950096149348,-0.511731843575419,0.28412593571114053,0.15915529229976833,0.0,0.0,0.0,0.0,0.0,0.0,0.0,0.0,0.0
2024-06-29,164.84507159607998,0.6484507159607997,0.17844251040621883,0.45912627169359665,0.21293610911701366,0.7098577235772359,-0.5386196862348178,-0.32401676981433425,0.1439894939261761,-0.5139664804469274,0.2864560399236755,0.1400978624774658,0.0,0.0,0.0,0.0,0.0,0.0,0.0,0.0,0.0
2024-06-30,164.84507159607998,0.6484507159607997,0.21294455061740525,0.49012567324955114,0.23402727925340994,0.8178353658536586,-0.498766447368421,-0.28723298063485725,0.19009427325172368,-0.4972067039106145,0.3446902979597828,0.19688385269121822,0.0,0.0,0.0,0.0,0.0,0.0,0.0,0.0,0.0
2024-07-01,164.84507159607998,0.6484507159607997,0.21607754544458624,0.47863554757630156,0.23564967695620953,0.6463414634146343,-0.5011702935222673,-0.28438810141744864,0.20360208245391864,-0.5106145251396648,0.34508476442096003,0.17769765645119762,0.0,0.0,0.0,0.0,0.0,0.0,0.0,0.0,0.0
2024-07-02,164.84507159607998,0.6484507159607997,0.20078883262603697,0.4998204667863555,0.22813352476669047,0.6768292682926831,-0.4968686740890689,-0.28034537831902573,0.20257023591764,-0.5058659217877095,0.41246514017319824,0.1588977594643317,0.0,0.0,0.0,0.0,0.0,0.0,0.0,0.0,0.0
2024-07-03,164.84507159607998,0.6484507159607997,0.16410703163498308,0.4181926989826452,0.18290739411342427,0.5891768292682926,-0.5207806174089069,-0.3215711718905969,0.0853149477041415,-0.5435754189944135,0.29107038015558495,0.09734741179500395,0.0,0.0,0.0,0.0,0.0,0.0,0.0,0.0,0.0
2024-07-04,164.84507159607998,0.6484507159607997,0.10405096405349568,0.25697187312986247,0.09846015793251972,0.5637703252032522,-0.5816991396761133,-0.37472549411060097,0.04549505182683733,-0.5972067039106146,0.17202407162777056,-0.017769765645119784,0.0,0.0,0.0,0.0,0.0,0.0,0.0,0.0,0.0
2024-07-05,164.84507159607998,0.6484507159607997,0.09625650957240528,0.26175942549371634,0.07012562814070344,0.47738821138211374,-0.5957426619433198,-0.3856059093631463,0.045401247596266625,-0.6287709497206704,0.2313775135769851,0.0012876641771826236,0.0,0.0,0.0,0.0,0.0,0.0,0.0,0.0,0.0
2024-07-06,164.84507159607998,0.6484507159607997,0.1273274878634434,0.35739078396169965,0.10087939698492465,0.561229674796748,-0.5801809210526316,-0.34213415851467366,0.1014961774776042,-0.5843575418994413,0.3117936298253341,0.054596961112541864,0.0,0.0,0.0,0.0,0.0,0.0,0.0,0.0,0.0
2024-07-07,164.84507159607998,0.6484507159607997,0.08105624913144394,0.2466786355475763,0.05229361091170137,0.4164126016260161,-0.6248102226720649,-0.3835096825713715,-0.006847708831668298,-0.6142458100558659,0.20724167033612217,-0.015323203708472843,0.0,0.0,0.0,0.0,0.0,0.0,0.0,0.0,0.0
2024-07-08,164.84507159607998,0.6484507159607997,0.0974178099346148,0.28797127468581696,0.08352476669059583,0.4710365853658536,-0.6129175101214575,-0.3450788580555002,0.03240936166221098,-0.5860335195530726,0.281924262439454,0.034895699201648256,0.0,0.0,0.0,0.0,0.0,0.0,0.0,0.0,0.0
2024-07-09,164.84507159607998,0.6484507159607997,0.12351668072485267,0.28737283064033514,0.10072146446518304,0.529471544715447,-0.5977985829959513,-0.3590037931722899,0.07715397964448201,-0.5477653631284916,0.29706993982093044,0.05253669842904962,0.0,0.0,0.0,0.0,0.0,0.0,0.0,0.0,0.0
2024-07-10,164.84507159607998,0.6484507159607997,0.11702752785088588,0.29287851585876723,0.1130868628858579,0.5154979674796749,-0.6030807186234818,-0.3615991215811539,0.07555930772477826,-0.5318435754189945,0.30198701012769713,0.033479268606747326,0.0,0.0,0.0,0.0,0.0,0.0,0.0,0.0,0.0
2024-07-11,164.84507159607998,0.6484507159607997,0.10983094950627303,0.27612208258527837,0.11263460157932537,0.45706300813008127,-0.6121584008097166,-0.38375923337991624,0.11655175648421734,-0.5363128491620113,0.244881109643329,0.008112284316250218,0.0,0.0,0.0,0.0,0.0,0.0,0.0,0.0,0.0
2024-07-12,164.84507159607998,0.6484507159607997,0.12082962523676,0.2885697187312988,0.12501794687724344,0.5104166666666667,-0.5901126012145749,-0.3640946296666002,0.18033863327236066,-0.5215083798882681,0.2786125788932923,0.04493947978367241,0.0,0.0,0.0,0.0,0.0,0.0,0.0,0.0,0.0
2024-07-13,164.84507159607998,0.6484507159607997,0.14629210342850696,0.34422501496110103,0.13997128499641054,0.47992886178861793,-0.5762272267206477,-0.3501696945498104,0.2709066178884667,-0.5276536312849163,0.300922868046382,0.05009013649240268,0.0,0.0,0.0,0.0,0.0,0.0,0.0,0.0,0.0
2024-07-14,164.84507159607998,0.6484507159607997,0.17694733618987413,0.3806104129263914,0.16480617372577178,0.5840955284552847,-0.5441232287449392,-0.3289079656618088,0.3052858683926645,-0.4972067039106145,0.35379972112138547,0.08498583569405094,0.0,0.0,0.0,0.0,0.0,0.0,0.0,0.0,0.0
2024-07-15,164.84507159607998,0.6484507159607997,0.25337522272773194,0.4949132256134052,0.25043790380473796,0.8051321138211383,-0.5209071356275303,-0.2816929526851668,0.3715585572909339,-0.48268156424581,0.46130559225011014,0.1068761267061551,0.0,0.0,0.0,0.0,0.0,0.0,0.0,0.0,0.0
2024-07-16,164.84507159607998,0.6484507159607997,0.259797794380932,0.4937163375224416,0.23626704953338118,0.8165650406504064,-0.5283400809716599,-0.2909263326013176,0.42451104544814977,-0.4994413407821229,0.47321297519448136,0.05253669842904962,0.0,0.0,0.0,0.0,0.0,0.0,0.0,0.0,0.0
2024-07-17,164.84507159607998,0.6484507159607997,0.24038123942490852,0.45745062836624784,0.2160086145010769,0.8457825203252034,-0.5006958502024291,-0.314284288281094,0.3398058252427185,-0.494413407821229,0.42619807720534286,0.020087561164048306,0.0,0.0,0.0,0.0,0.0,0.0,0.0,0.0,0.0
2024-07-18,164.84507159607998,0.6484507159607997,0.23838864155341732,0.4308797127468582,0.2299856424982052,0.7835365853658536,-0.5195470647773279,-0.3213715312437613,0.3200600347075653,-0.49022346368715086,0.45994789373257006,0.00875611640484153,0.0,0.0,0.0,0.0,0.0,0.0,0.0,0.0,0.0
2024-07-19,164.84507159607998,0.6484507159607997,0.29112619425226005,0.5013764213046079,0.25785355348169414,0.8699186991869918,-0.48763284412955465,-0.2973148333000599,0.3316917592983446,-0.45307262569832407,0.5509320416850139,0.02948750965748137,1.0,0.0,1.0,1.0,0.0,1.0,1.0,1.0,0.0
2024-07-20,166.94756580383992,0.6694756580383991,0.299956335106381,0.606822262118492,0.2625987078248384,0.8546747967479673,-0.48089574898785425,-0.28878019564783397,0.319309600862999,-0.46173184357541897,0.5919198590929107,0.0316765387586917,1.0,0.0,1.0,1.0,0.0,1.0,1.0,1.0,0.0
2024-07-21,172.555420031422,0.7255542003142199,0.3196490859985499,0.6788749251944943,0.2692821249102655,0.8927845528455285,-0.47071103238866396,-0.2605310441205829,0.3583790628957366,-0.4488826815642458,0.6922886393659182,0.046098377543136726,1.0,0.0,1.0,1.0,1.0,1.0,1.0,1.0,0.0
2024-07-22,163.0691181634188,0.630691181634188,0.3075897559372449,0.6489527229204071,0.2346625987078248,0.7403455284552847,-0.5100581983805668,-0.30460171690956284,0.2602598377186811,-0.4762569832402235,0.6404575810949655,0.005923255215039891,1.0,0.0,0.0,1.0,0.0,0.0,1.0,1.0,0.0
2024-07-23,158.91389891156072,0.5891389891156071,0.2762543882637438,0.5596648713345302,0.2500394831299355,0.6387195121951219,-0.5162259615384615,-0.30574965062886805,0.32109188124384413,-0.4773743016759777,0.5862322031410541,-0.007339685809940821,1.0,0.0,0.0,1.0,0.0,1.0,1.0,1.0,0.0
2024-07-24,154.72215523656098,0.5472215523656099,0.26516706660560807,0.531178934769599,0.197419239052405,0.5421747967479673,-0.5313765182186234,-0.33105410261529244,0.26893672904648014,-0.5150837988826815,0.6327517246440628,-0.044038114859644595,0.0,0.0,0.0,0.0,0.0,0.0,0.0,0.0,0.0
2024-07-25,154.72215523656098,0.5472215523656099,0.2734707512955272,0.4991023339317775,0.13962670495333818,0.5218495934959348,-0.5390625,-0.35436214813336,0.23802823507340176,-0.5268156424581005,0.5756549977983267,-0.061292814833891374,1.0,0.0,0.0,1.0,0.0,0.0,0.0,1.0,0.0
2024-07-26,164.70450185532042,0.6470450185532042,0.3146709784458781,0.606463195691203,0.17530509691313712,0.6260162601626016,-0.5129997469635628,-0.32481533240167704,0.24206181698794604,-0.51536312849162,0.6786933069132544,-0.011460211176925084,1.0,0.0,0.0,1.0,0.0,0.0,0.0,1.0,0.0
2024-07-27,162.09178971598124,0.6209178971598124,0.31419349044694966,0.5735487731897069,0.16635678391959785,0.6196646341463414,-0.5286247469635628,-0.3238171291674985,0.23868486468739736,-0.5125698324022346,0.6870596653456627,-0.012232809683234591,1.0,0.0,0.0,1.0,0.0,0.0,0.0,1.0,0.0
2024-07-28,159.90648842068975,0.5990648842068975,0.32086883847899084,0.5564332734889286,0.17382627422828434,0.5828252032520325,-0.5448823380566801,-0.3360950289478939,0.23633975892312753,-0.5245810055865923,0.6953618083076472,-0.03013134174607257,1.0,0.0,0.0,0.0,0.0,0.0,0.0,1.0,0.0
2024-07-29,157.92198944848235,0.5792198944848235,0.2923618178376508,0.5371633752244165,0.19108758076094756,0.5409044715447155,-0.5272014170040487,-0.32466560191655025,0.32367149758454095,-0.5340782122905028,0.674271613092617,-0.010687612670615576,1.0,0.0,0.0,1.0,0.0,1.0,0.0,1.0,0.0
2024-07-30,153.59178442724314,0.5359178442724315,0.2807145558548698,0.5023339317773787,0.177167982770998,0.5116869918699185,-0.5513663967611335,-0.34438011579157524,0.30106467801697856,-0.5452513966480448,0.6427418171143404,-0.04815864022662886,1.0,0.0,0.0,1.0,0.0,1.0,0.0,1.0,0.0
2024-07-31,150.617339018767,0.5061733901876702,0.2505195851370585,0.45972471573907847,0.16055994256999284,0.4672256097560976,-0.558830971659919,-0.3597025354362148,0.31288401106889907,-0.5583798882681564,0.5744899456920594,-0.07687355137780072,0.0,0.0,0.0,0.0,0.0,0.0,0.0,0.0,0.0
2024-08-01,150.617339018767,0.5061733901876702,0.2636531180334074,0.4241771394374625,0.14986360373295038,0.4519817073170731,-0.5648405870445344,-0.35700738670393306,0.28455513343651817,-0.5606145251396648,0.5346947013063263,-0.07481328869430859,0.0,0.0,0.0,0.0,0.0,1.0,0.0,0.0,0.0
2024-08-02,133.58022362954034,0.3358022362954034,0.18874692207016497,0.3351286654697785,0.07322684852835604,0.3567073170731707,-0.5960273279352227,-0.4050708724296267,0.13925238028235087,-0.5918994413407821,0.40091552913547646,-0.14795261395827963,0.0,0.0,0.0,0.0,0.0,0.0,0.0,0.0,0.0
2024-08-03,133.58022362954034,0.3358022362954034,0.1743636364340182,0.29431478156792346,0.042189519023689837,0.25889227642276413,-0.6195280870445343,-0.41674985026951494,0.08475212232071683,-0.6025139664804469,0.30683986496403937,-0.14666494978109712,0.0,0.0,0.0,0.0,0.0,0.0,0.0,0.0,0.0
2024-08-04,133.58022362954034,0.3358022362954034,0.12512488817645262,0.24177139437462603,-0.034788226848528336,0.17505081300813008,-0.6515371963562753,-0.45662806947494516,0.01650954458046061,-0.6287709497206704,0.26863166006164696,-0.2084728302858614,0.0,0.0,0.0,0.0,0.0,0.0,0.0,0.0,0.0
2024-08-05,133.58022362954034,0.3358022362954034,0.045733943764417084,0.12914422501496103,-0.1313854989231874,0.0035569105691057867,-0.6697874493927125,-0.5268017568376921,-0.10876600534684111,-0.6729050279329609,0.1904447380008807,-0.3089106361061035,0.0,0.0,0.0,0.0,0.0,0.0,0.0,0.0,0.0
2024-08-06,133.58022362954034,0.3358022362954034,0.0848109267525281,0.15451825254338725,-0.11663675520459438,0.0772357723577235,-0.6388537449392713,-0.4977540427230984,-0.12630739646358047,-0.6435754189944134,0.32401291648319397,-0.2545712078289982,0.0,0.0,0.0,0.0,0.0,0.0,0.0,0.0,0.0
2024-08-07,133.58022362954034,0.3358022362954034,0.0673918084195051,0.14434470377019748,-0.15922110552763824,0.022611788617886264,-0.6558704453441295,-0.5263525653823118,-0.15852914966464993,-0.6653631284916202,0.32775576104506077,-0.2713108421323719,0.0,0.0,0.0,0.0,0.0,0.0,0.0,0.0,0.0
2024-08-08,133.58022362954034,0.3358022362954034,0.1943118734058733,0.28617594254937173,-0.03703158650394833,0.12677845528455278,-0.6104187753036436,-0.4635156717907766,-0.03733408376717784,-0.6013966480446927,0.49593607808601203,-0.19121813031161472,0.0,0.0,0.0,0.0,0.0,0.0,0.0,0.0,0.0
2024-08-09,133.58022362954034,0.3358022362954034,0.17798689356411201,0.24296828246558944,-0.06722541277817662,0.08231707317073167,-0.622311487854251,-0.4742962667199042,-0.058627644106749255,-0.6058659217877095,0.43281227065903405,-0.2089878959567345,0.0,0.0,0.0,0.0,0.0,0.0,0.0,0.0,0.0
2024-08-10,133.58022362954034,0.3358022362954034,0.17939767995413636,0.2585278276481149,-0.06306173725771713,0.1420223577235773,-0.6231971153846154,-0.4732980634857257,-0.07410534215093101,-0.6013966480446927,0.4121165419051813,-0.2031934071594128,0.0,0.0,0.0,0.0,0.0,0.0,0.0,0.0,0.0
2024-08-11,133.58022362954034,0.3358022362954034,0.13657414844747673,0.20406941950927582,-0.08262024407753044,0.03531504065040636,-0.6543205971659919,-0.5010481133958875,-0.11650485436893199,-0.6346368715083799,0.29799647732276524,-0.2400206026268349,0.0,0.0,0.0,0.0,0.0,0.0,0.0,0.0,0.0
2024-08-12,133.58022362954034,0.3358022362954034,0.14888954523864917,0.2913225613405146,-0.022781765972720636,0.09629065040650397,-0.6335716093117408,-0.4733978838091436,-0.05632944045776456,-0.6145251396648045,0.3415620871862617,-0.1966263198557816,0.0,0.0,0.0,0.0,0.0,0.0,0.0,0.0,0.0
2024-08-13,133.58022362954034,0.3358022362954034,0.17297510830093632,0.27312986235786973,-0.029960516870064513,0.11534552845528445,-0.6018787955465588,-0.47239968057496506,0.0026734205712679593,-0.6184357541899441,0.34453434610303835,-0.1829770795776462,0.0,0.0,0.0,0.0,0.0,0.0,0.0,0.0,0.0
2024-08-14,133.58022362954034,0.3358022362954034,0.13595730440508325,0.22537402752842617,-0.04482053122756635,0.11153455284552849,-0.6260121457489879,-0.4813835096825714,-0.035598705501618144,-0.6287709497206704,0.3177381476588874,-0.1710018027298481,0.0,0.0,0.0,0.0,0.0,0.0,0.0,0.0,0.0
2024-08-15,133.58022362954034,0.3358022362954034,0.11375691893078299,0.19940155595451814,-0.07746590093323769,0.05182926829268286,-0.641384109311741,-0.49236374525853466,-0.08123446367431164,-0.6508379888268156,0.3075921033318656,-0.20126191089363887,0.0,0.0,0.0,0.0,0.0,0.0,0.0,0.0,0.0
2024-08-16,133.58022362954034,0.3358022362954034,0.1397967569526084,0.20107719928186718,-0.06929648241206032,0.050558943089430874,-0.645748987854251,-0.49460970253543624,-0.0750902865719244,-0.6421787709497206,0.27500733891090556,-0.16340458408447078,0.0,0.0,0.0,0.0,0.0,0.0,0.0,0.0,0.0
2024-08-17,133.58022362954034,0.3358022362954034,0.1515742781260172,0.23016157989228003,-0.06148241206030147,0.06707317073170715,-0.6447052125506073,-0.4931123976841685,-0.08348576520801088,-0.6254189944134079,0.3010971671803906,-0.17370589750193155,0.0,0.0,0.0,0.0,0.0,0.0,0.0,0.0,0.0
2024-08-18,133.58022362954034,0.3358022362954034,0.13106590727945644,0.1972471573907839,-0.06222182340272786,0.03658536585365835,-0.6494180161943319,-0.4968556598123378,-0.09366352422494251,-0.6273743016759776,0.3059041538235727,-0.20538243626062325,0.0,0.0,0.0,0.0,0.0,0.0,0.0,0.0,0.0
2024-08-19,133.58022362954034,0.3358022362954034,0.1507067867554468,0.21220825852782754,-0.053743718592964784,0.16107723577235777,-0.6379681174089069,-0.4919145538031544,-0.0817034848271656,-0.6175977653631285,0.32284786437692636,-0.2021632758176668,0.0,0.0,0.0,0.0,0.0,0.0,0.0,0.0,0.0
2024-08-20,133.58022362954034,0.3358022362954034,0.1422858107289442,0.23135846798324367,-0.0765865039483129,0.1077235772357723,-0.6326543522267207,-0.48901976442403683,-0.0905210825008208,-0.6223463687150839,0.3045831498605609,-0.19392222508369816,0.0,0.0,0.0,0.0,0.0,0.0,0.0,0.0,0.0
2024-08-21,133.58022362954034,0.3358022362954034,0.18381565363210228,0.2704967085577499,-0.055674802584350314,0.22078252032520318,-0.6171242408906883,-0.44035735675783594,-0.046104779325547574,-0.5955307262569833,0.30931674739468673,-0.08562966778264225,0.0,0.0,0.0,0.0,0.0,0.0,0.0,0.0,0.0
2024-08-22,133.58022362954034,0.3358022362954034,0.1687189424734381,0.2597247157390783,-0.058557071069633815,0.28938008130081294,-0.5884678643724697,-0.4272309842283889,-0.051029501430514546,-0.5782122905027933,0.31328893292235427,-0.10906515580736553,0.0,0.0,0.0,0.0,0.0,0.0,0.0,0.0,0.0
2024-08-23,133.58022362954034,0.3358022362954034,0.24039885248040216,0.35164572112507475,-0.008259152907394207,0.5320121951219512,-0.5467168522267206,-0.39823318027550414,0.018760846114159735,-0.5488826815642458,0.40565830030823435,-0.09876384238990477,1.0,0.0,1.0,1.0,1.0,0.0,1.0,0.0,1.0
2024-08-24,135.4566106899721,0.354566106899721,0.24219712609128363,0.3475763016157989,-0.006410624551328126,0.6069613821138209,-0.5318193319838056,-0.3840586943501698,0.0011256507668495619,-0.5516759776536313,0.47290107148099225,-0.10945145506052012,1.0,0.0,1.0,1.0,1.0,0.0,1.0,1.0,1.0
2024-08-25,134.61179002073922,0.3461179002073922,0.2435964930277461,0.3115499700777977,-0.014239052404881547,0.7314532520325203,-0.5268851214574899,-0.3960870433220204,-0.0013132592279910815,-0.5664804469273743,0.45750770585645095,-0.14679371619881532,0.0,0.0,1.0,1.0,1.0,0.0,1.0,0.0,0.0
2024-08-26,130.11637474250907,0.30116374742509056,0.21626857935416988,0.2591262716935967,-0.037738693467336604,0.6946138211382114,-0.549310475708502,-0.4092134158514674,-0.024764316870690695,-0.585195530726257,0.44073829443710544,-0.1898016997167139,0.0,0.0,0.0,0.0,0.0,0.0,0.0,0.0,0.0
2024-08-27,130.11637474250907,0.30116374742509056,0.15045459102678693,0.1836026331538001,-0.11787508973438621,0.6349085365853657,-0.5738866396761133,-0.4433020562986625,-0.07874865156418553,-0.6162011173184357,0.3460204755614267,-0.26397115632243107,0.0,0.0,0.0,0.0,0.0,0.0,0.0,0.0,0.0
2024-08-28,130.11637474250907,0.30116374742509056,0.1428333638497261,0.19233991621783364,-0.09250179468772435,0.5180386178861789,-0.5439650809716599,-0.442253942902775,-0.14924253083814076,-0.6016759776536313,0.32001321003963024,-0.25688900334792686,0.0,0.0,0.0,0.0,0.0,0.0,0.0,0.0,0.0
2024-08-29,130.11637474250907,0.30116374742509056,0.14899967522299873,0.2011968880909636,-0.09271715721464469,0.42911585365853666,-0.5390625,-0.4538331004192454,-0.16683082407016547,-0.6016759776536313,0.2838323792749158,-0.24839041977852183,0.0,0.0,0.0,0.0,0.0,0.0,0.0,0.0,0.0
2024-08-30,130.11637474250907,0.30116374742509056,0.14412802020352933,0.21819269898264504,-0.09332735104091894,0.5193089430894309,-0.5490258097165992,-0.44529846276701934,-0.17161483982927628,-0.5896648044692737,0.26523741376779686,-0.2413082668040175,0.0,0.0,0.0,0.0,0.0,0.0,0.0,0.0,0.0
2024-08-31,130.11637474250907,0.30116374742509056,0.14133315733181173,0.21208856971873136,-0.09785714285714286,0.4354674796747966,-0.5692370951417003,-0.4502894789379118,-0.17597673655081836,-0.6041899441340782,0.24088140319976503,-0.2347411795003863,0.0,0.0,0.0,0.0,0.0,0.0,0.0,0.0,0.0
2024-09-01,130.11637474250907,0.30116374742509056,0.10902249090411487,0.13800119688809098,-0.12932519741564974,0.44690040650406493,-0.593496963562753,-0.4827809942104213,-0.20932414051873738,-0.6206703910614525,0.17799611037722007,-0.2771053309296936,0.0,0.0,0.0,0.0,0.0,0.0,0.0,0.0,0.0
2024-09-02,130.11637474250907,0.30116374742509056,0.14465176666688606,0.18635547576301614,-0.08905958363244793,0.5688516260162602,-0.599095394736842,-0.46291674985026954,-0.17644575770367232,-0.6067039106145251,0.23720277410832247,-0.2141385526654649,0.0,0.0,0.0,0.0,0.0,0.0,0.0,0.0,0.0
2024-09-03,130.11637474250907,0.30116374742509056,0.1123097451294095,0.15834829443447052,-0.12952979181622393,0.4253048780487807,-0.6295862854251012,-0.48542623278099417,-0.21260728858871536,-0.623463687150838,0.16969396741523557,-0.2217357713108422,0.0,0.0,0.0,0.0,0.0,0.0,0.0,0.0,0.0
2024-09-04,130.11637474250907,0.30116374742509056,0.12202905496086225,0.17271095152603233,-0.12046302943287868,0.4494410569105691,-0.6105769230769231,-0.4842283888999801,-0.2160311430045495,-0.6231843575418994,0.22526787024805528,-0.17177440123615761,0.0,0.0,0.0,0.0,0.0,0.0,0.0,0.0,0.0
2024-09-05,130.11637474250907,0.30116374742509056,0.08691559010897243,0.17785757031717542,-0.14970567121320888,0.37195121951219523,-0.6326227226720648,-0.4996007187063286,-0.2373247033441208,-0.6209497206703911,0.18649089975047706,-0.18761267061550346,0.0,0.0,0.0,0.0,0.0,0.0,0.0,0.0,0.0
2024-09-06,130.11637474250907,0.30116374742509056,0.04420276923684363,0.10724117295032909,-0.20128858578607323,0.3567073170731707,-0.6365447874493927,-0.5222100219604712,-0.28225692978753336,-0.626536312849162,0.14632870981946278,-0.20460983775431374,0.0,0.0,0.0,0.0,0.0,0.0,0.0,0.0,0.0
2024-09-07,130.11637474250907,0.30116374742509056,0.04819609408236181,0.14135248354278884,-0.18388011486001432,0.35289634146341453,-0.6268028846153846,-0.4996007187063286,-0.27719150133671033,-0.6044692737430168,0.17107001321003978,-0.1715168684007211,0.0,0.0,0.0,0.0,0.0,0.0,0.0,0.0,0.0
2024-09-08,130.11637474250907,0.30116374742509056,0.062224215357732815,0.15080789946140039,-0.17536252692031584,0.39862804878048785,-0.6199709008097166,-0.48337991615092835,-0.27761362037427884,-0.6039106145251396,0.193242697783649,-0.1825907803244914,0.0,0.0,0.0,0.0,0.0,0.0,0.0,0.0,0.0
2024-09-09,130.11637474250907,0.30116374742509056,0.10427857892448866,0.24189108318372243,-0.15326274228284276,0.5307418699186992,-0.6013727226720648,-0.47399680574965064,-0.24468833544392843,-0.5726256983240223,0.2385696462644944,-0.1330157095029617,0.0,0.0,0.0,0.0,0.0,0.0,0.0,0.0,0.0
2024-09-10,130.11637474250907,0.30116374742509056,0.11573074244641846,0.23028126870137644,-0.14263460157932528,0.6996951219512195,-0.588119939271255,-0.47140147734078663,-0.2458139862107781,-0.55,0.24360597387347704,-0.13687870203450936,0.0,0.0,0.0,0.0,0.0,0.0,0.0,0.0,0.0
2024-09-11,130.11637474250907,0.30116374742509056,0.1100635966788357,0.21244763614602036,-0.1598815506101937,0.717479674796748,-0.60301745951417,-0.4810840487123178,-0.25214577177430697,-0.5681564245810056,0.2140943783942464,-0.13069791398403297,0.0,0.0,0.0,0.0,0.0,0.0,0.0,0.0,0.0
2024-09-12,130.11637474250907,0.30116374742509056,0.1252524376662354,0.22920406941950922,-0.1521464465183059,0.7555894308943087,-0.6031439777327936,-0.4616689958075465,-0.23999812391538855,-0.570391061452514,0.2475873330397771,-0.12554725727530258,0.0,0.0,0.0,0.0,0.0,0.0,0.0,0.0,0.0
2024-09-13,130.11637474250907,0.30116374742509056,0.17181690473969247,0.2803111909036504,-0.12430366116295766,0.7454268292682928,-0.5821735829959515,-0.42857855859452987,-0.23413535950471354,-0.56731843575419,0.27436518420666367,-0.10648982745300029,0.0,0.0,0.0,0.0,0.0,0.0,0.0,0.0,0.0
2024-09-14,130.11637474250907,0.30116374742509056,0.16153939653413762,0.2612806702573309,-0.13198492462311562,0.7873475609756098,-0.5818572874493927,-0.4361149930125774,-0.2478776792833357,-0.5620111731843576,0.25741230001467796,-0.14164305949008493,0.0,0.0,0.0,0.0,0.0,0.0,0.0,0.0,0.0
2024-09-15,130.11637474250907,0.30116374742509056,0.14431305406124162,0.23040095751047285,-0.16858937544867192,0.6971544715447155,-0.5949202935222673,-0.46057097224995014,-0.27812954364241826,-0.5885474860335196,0.2046730515191546,-0.1587689930466134,0.0,0.0,0.0,0.0,0.0,0.0,0.0,0.0,0.0
2024-09-16,130.11637474250907,0.30116374742509056,0.12663070764611772,0.19257929383602646,-0.17602297200287154,0.6056910569105691,-0.6124114372469636,-0.47374725494110603,-0.2856807842033675,-0.5946927374301676,0.2055261999119331,-0.17447849600824106,0.0,0.0,0.0,0.0,0.0,0.0,0.0,0.0,0.0
2024-09-17,130.11637474250907,0.30116374742509056,0.1673507370966949,0.21017354877318972,-0.1593287867910983,0.714939024390244,-0.5591788967611336,-0.46980435216610106,-0.2984850616762815,-0.5946927374301676,0.2060307500366947,-0.1259335565284574,0.0,0.0,0.0,0.0,0.0,0.0,0.0,0.0,0.0
2024-09-18,130.11637474250907,0.30116374742509056,0.19554285178981545,0.24320766008378225,-0.14746590093323764,0.8445121951219512,-0.5593054149797572,-0.45622878818127377,-0.2895736597720556,-0.5773743016759777,0.23201049464259516,-0.12747875354107652,0.0,0.0,0.0,0.0,0.0,0.0,0.0,0.0,0.0
2024-09-19,130.11637474250907,0.30116374742509056,0.2186496321968201,0.25685218432076606,-0.11507178750897351,0.8889735772357725,-0.5247975708502024,-0.4408065482132162,-0.2858214905492237,-0.5513966480446928,0.3101790694260971,-0.12477465876899307,0.0,0.0,1.0,1.0,0.0,0.0,1.0,0.0,1.0
2024-09-20,136.4351448930164,0.364351448930164,0.2234432865419611,0.26343506882106515,-0.08051687006460884,1.071900406504065,-0.503162955465587,-0.42922739069674587,-0.2875568688147835,-0.5301675977653632,0.34510311169822416,-0.12078289981972701,0.0,1.0,1.0,1.0,1.0,0.0,1.0,1.0,1.0
2024-09-21,139.51792443695845,0.3951792443695845,0.22638621520986035,0.3159784560143628,-0.06193108399138547,1.0706300813008127,-0.4769420546558705,-0.4264823318027551,-0.2580554383002672,-0.506145251396648,0.3702847497431383,-0.11099665207313936,1.0,1.0,1.0,1.0,1.0,0.0,1.0,1.0,1.0
2024-09-22,136.3048770995639,0.3630487709956389,0.2305459931072953,0.2726511071214841,-0.07353553481694186,1.0490345528455283,-0.46754807692307687,-0.4445498103413855,-0.2581961446461235,-0.5279329608938548,0.32638888888888884,-0.1455060520216327,0.0,1.0,1.0,1.0,0.0,0.0,1.0,0.0,0.0
2024-09-23,140.54907253544218,0.40549072535442177,0.22592421121576156,0.2931178934769598,-0.04969490308686286,1.0922256097560976,-0.4289916497975709,-0.4314234378119386,-0.23413535950471354,-0.5254189944134078,0.32734294730661984,-0.12155549832603652,1.0,1.0,1.0,1.0,1.0,0.0,1.0,0.0,1.0
2024-09-24,143.42410831915305,0.43424108319153043,0.24400294815451962,0.31394374625972477,-0.04752692031586503,1.1620934959349594,-0.4349380060728745,-0.3934917149131564,-0.2526616950424463,-0.5159217877094973,0.4009247027741083,-0.10829255730105591,1.0,1.0,1.0,1.0,1.0,0.0,1.0,1.0,1.0
2024-09-25,139.85163536910756,0.39851635369107563,0.22189875706022222,0.2985038898862957,-0.07361809045226131,1.0769817073170733,-0.4542636639676113,-0.39563785186664013,-0.2733924299985929,-0.5304469273743017,0.3565976809041538,-0.1273499871233582,1.0,1.0,1.0,1.0,1.0,0.0,1.0,1.0,1.0
2024-09-26,145.98306304233287,0.45983063042332883,0.2615052930135009,0.41400359066427295,-0.055276381909547756,1.0706300813008127,-0.4382907388663967,-0.37317827909762435,-0.24623610524834671,-0.5108938547486034,0.42631733450755904,-0.05266546484676793,1.0,1.0,1.0,1.0,1.0,0.0,1.0,1.0,1.0
2024-09-27,150.83888210803306,0.5083888210803307,0.273346492156771,0.47851585876720537,-0.03270638908829859,1.1341463414634143,-0.42529099190283404,-0.36768816130964266,-0.20013132592279903,-0.46927374301675984,0.4456828856597683,-0.019186196240020603,1.0,1.0,1.0,1.0,1.0,1.0,1.0,1.0,1.0
2024-09-28,150.04739906253056,0.5004739906253055,0.27470114902928855,0.5333333333333334,-0.0396661880832736,1.033790650406504,-0.4380060728744939,-0.3540626871631064,-0.20880821725059795,-0.47513966480446923,0.43734404814325556,-0.020988926088076232,1.0,1.0,1.0,1.0,1.0,1.0,1.0,1.0,1.0
2024-09-29,149.01621678986604,0.4901621678986603,0.26968858956587094,0.4883303411131059,-0.04595836324479541,1.0591971544715446,-0.4302568319838057,-0.3779696546216811,-0.2232071666432156,-0.4689944134078212,0.4529667547335976,-0.040175122328096835,1.0,1.0,1.0,1.0,1.0,1.0,1.0,1.0,1.0
2024-09-30,141.50121962203983,0.4150121962203983,0.22519607588865598,0.3668461998803112,-0.06581837760229714,0.9359756097560976,-0.4661880060728745,-0.40866440407266924,-0.2641996154026547,-0.511731843575419,0.3983193894026127,-0.04815864022662886,1.0,1.0,1.0,1.0,1.0,1.0,1.0,1.0,1.0
2024-10-01,133.3723206437635,0.333723206437635,0.17659081697867585,0.278755236385398,-0.12139626704953344,0.8877032520325203,-0.5077176113360324,-0.45023956877620286,-0.30401951127995863,-0.5346368715083799,0.3308289299867899,-0.11550347669327843,0.0,0.0,0.0,0.0,0.0,0.0,0.0,0.0,0.0
2024-10-02,133.3723206437635,0.333723206437635,0.17352053237105403,0.2523040095751048,-0.1514716439339555,0.8051321138211383,-0.5068319838056681,-0.4683070473148333,-0.3196379156699968,-0.5572625698324023,0.2850616468516072,-0.14099922740149362,0.0,0.0,0.0,0.0,0.0,0.0,0.0,0.0,0.0
2024-10-03,133.3723206437635,0.333723206437635,0.17571964815695829,0.25757031717534407,-0.1566367552045943,0.7403455284552847,-0.5223620951417004,-0.4682072269914155,-0.327423666807373,-0.5756983240223463,0.2543391310729488,-0.15451970126191095,0.0,0.0,0.0,0.0,0.0,0.0,0.0,0.0,0.0
2024-10-04,133.3723206437635,0.333723206437635,0.20176606688083631,0.30760023937761827,-0.13327709978463742,0.8622967479674797,-0.5079706477732793,-0.4472948692353763,-0.3156981379860231,-0.5513966480446928,0.31328893292235427,-0.13494720576873553,0.0,0.0,0.0,0.0,0.0,0.0,0.0,0.0,0.0
2024-10-05,133.3723206437635,0.333723206437635,0.20100309254286453,0.3095152603231597,-0.13323402727925338,0.7860772357723576,-0.520495951417004,-0.4379117588340986,-0.31748041836686824,-0.5544692737430168,0.3075921033318656,-0.12065413340200881,0.0,0.0,0.0,0.0,0.0,0.0,0.0,0.0,0.0
2024-10-06,133.3723206437635,0.333723206437635,0.21570457447825686,0.3353680430879713,-0.12418521177315145,0.8724593495934958,-0.5179023279352226,-0.4370133759233381,-0.31780873317386615,-0.5298882681564245,0.3431307793923384,-0.088462528972444,1.0,0.0,0.0,0.0,0.0,0.0,1.0,1.0,1.0
2024-10-07,132.15138793630956,0.3215138793630956,0.20388679489229133,0.2976660682226213,-0.130480976310122,0.8673780487804879,-0.5312816295546559,-0.4431523258135357,-0.34224473523755916,-0.535754189944134,0.32016916189637445,-0.06914756631470509,0.0,0.0,0.0,0.0,0.0,0.0,0.0,0.0,0.0
2024-10-08,132.15138793630956,0.3215138793630956,0.2023720721198492,0.28186714542190305,-0.12398061737257715,0.8076727642276422,-0.5479820344129555,-0.459323218207227,-0.3389615871675812,-0.5430167597765363,0.3156557316894173,-0.0761009528714911,0.0,0.0,0.0,0.0,0.0,0.0,0.0,0.0,0.0
2024-10-09,132.15138793630956,0.3215138793630956,0.17249297510055883,0.2920406941950928,-0.14906676238334537,0.7060467479674797,-0.5657262145748988,-0.4741465362347774,-0.36649312884011065,-0.5723463687150838,0.27757595772787313,-0.060906515580736564,0.0,0.0,0.0,0.0,0.0,0.0,0.0,0.0,0.0
2024-10-10,132.15138793630956,0.3215138793630956,0.16671066704705706,0.26870137642130465,-0.14349246231155777,0.6768292682926831,-0.5379870951417003,-0.47309842283889003,-0.3646170442286947,-0.5659217877094972,0.27479634522236895,0.04725727530260104,0.0,0.0,0.0,0.0,0.0,0.0,0.0,0.0,0.0
2024-10-11,132.15138793630956,0.3215138793630956,0.2100507836648393,0.32555356074207054,-0.12437544867193118,0.7924288617886179,-0.5289726720647773,-0.4556298662407666,-0.3590356925097322,-0.5273743016759777,0.3344892118009688,0.01609580221478235,0.0,0.0,0.0,0.0,0.0,0.0,0.0,0.0,0.0
2024-10-12,132.15138793630956,0.3215138793630956,0.22299386330178605,0.33309395571514067,-0.11105168700646084,0.8762703252032522,-0.5063891700404859,-0.45083849071671,-0.3641949251911262,-0.5206703910614525,0.3422684573609278,0.046098377543136726,1.0,1.0,0.0,0.0,0.0,0.0,1.0,1.0,1.0
2024-10-13,130.83214073710818,0.3083214073710818,0.21637116088616515,0.33333333333333326,-0.11372577171572151,0.8025914634146343,-0.5245445344129555,-0.4634657616290677,-0.3763425730500445,-0.5215083798882681,0.3544418758256276,-0.01081637908833366,1.0,1.0,0.0,0.0,0.0,0.0,1.0,1.0,1.0
2024-10-14,138.10711952530963,0.3810711952530963,0.2787010545768587,0.3971274685816877,-0.0559260588657573,0.9283536585365855,-0.4713119939271255,-0.4367638251147934,-0.343745602926692,-0.5027932960893855,0.44503155731689437,0.047514808138037656,1.0,1.0,0.0,1.0,0.0,0.0,1.0,1.0,1.0
2024-10-15,135.0530776046018,0.3505307760460181,0.29788089780905214,0.405864751645721,-0.06400933237616657,0.8622967479674797,-0.49816548582995945,-0.42807945697744065,-0.37868767881431453,-0.5156424581005588,0.4190701599882578,0.010043780582024153,1.0,1.0,0.0,0.0,0.0,0.0,0.0,0.0,1.0
2024-10-16,136.71887478394962,0.3671887478394962,0.3085617643404144,0.5048473967684022,-0.06269921033740122,0.8140243902439024,-0.5168269230769231,-0.4387103214214414,-0.40030955396088364,-0.5125698324022346,0.41448334067224435,-0.025109451455060605,1.0,0.0,0.0,0.0,0.0,0.0,0.0,0.0,0.0
2024-10-17,140.94886303583513,0.40948863035835137,0.304572504046164,0.5514063435068823,-0.06469490308686277,0.7276422764227644,-0.5244496457489878,-0.44959073667398686,-0.43647108484592656,-0.5324022346368715,0.3801739321884632,-0.05395312902395055,1.0,1.0,0.0,0.0,0.0,0.0,0.0,0.0,0.0
2024-10-18,146.06785254793243,0.4606785254793244,0.324387772126546,0.6422501496110113,-0.05152548456568562,0.8191056910569106,-0.5079390182186234,-0.42703134358155326,-0.43506402138736455,-0.520391061452514,0.42062967855570244,-0.03862992531547771,1.0,0.0,0.0,0.0,0.0,0.0,0.0,0.0,0.0
2024-10-19,153.4132951729651,0.5341329517296509,0.32318040684996885,0.7248354278874924,-0.049235463029432935,0.7860772357723576,-0.5018661437246963,-0.4301257736075066,-0.43018620139768293,-0.5276536312849163,0.46503008953471303,-0.057687355137780116,1.0,1.0,0.0,0.0,0.0,0.0,0.0,1.0,0.0
2024-10-20,157.10304266436452,0.5710304266436452,0.33578303193072756,0.7017354877318971,-0.013862167982770957,0.8597560975609755,-0.47738486842105254,-0.4023258135356359,-0.4224004502603067,-0.4946927374301676,0.5358505797739614,-0.0007725985063096186,1.0,1.0,0.0,0.0,1.0,0.0,1.0,1.0,0.0
2024-10-21,153.93141193950274,0.5393141193950273,0.30348513980701486,0.7195691202872532,-0.042745872218234116,0.7594004065040649,-0.5124936740890689,-0.4157516470353365,-0.4449134655972984,-0.520949720670391,0.5240165859386468,0.0033479268606746437,1.0,1.0,0.0,0.0,1.0,0.0,0.0,1.0,1.0
2024-10-22,154.36405429804728,0.5436405429804727,0.30414185516184467,0.6721723518850988,-0.0584529791816224,0.7225609756097562,-0.52489245951417,-0.4023258135356359,-0.42962337601425826,-0.5256983240223464,0.5371348891824455,0.029873808910636068,1.0,1.0,0.0,0.0,1.0,0.0,0.0,1.0,1.0
2024-10-23,151.64297282038564,0.5164297282038564,0.2890648861093379,0.6754039497307001,-0.09381550610193823,0.683180894308943,-0.5356781376518218,-0.43476741864643653,-0.4557947563435111,-0.5192737430167598,0.5669492147365331,0.011717744012361697,1.0,0.0,0.0,0.0,0.0,0.0,0.0,1.0,1.0
2024-10-24,155.39510090975136,0.5539510090975137,0.3191760496510099,0.6986235786953918,-0.08975233309404174,0.7047764227642277,-0.5360576923076923,-0.4202934717508485,-0.4668636555508653,-0.5229050279329609,0.6246514017319831,0.03553953129023957,1.0,0.0,0.0,0.0,0.0,0.0,0.0,1.0,1.0
2024-10-25,144.09466487248196,0.4409466487248195,0.28835649288838994,0.5748653500897667,-0.12403445800430724,0.5345528455284552,-0.5796748481781376,-0.44440007985625873,-0.5015243187467755,-0.5650837988826816,0.511815646558051,-0.043007983517898474,1.0,0.0,0.0,0.0,0.0,0.0,0.0,1.0,0.0
2024-10-26,149.93626904969187,0.49936269049691884,0.2970285033431901,0.6451226810293236,-0.10893754486719309,0.5713922764227644,-0.5756578947368421,-0.4505889399081654,-0.48323249378546973,-0.5634078212290503,0.5669492147365331,-0.041591552922997765,1.0,0.0,0.0,0.0,0.0,0.0,0.0,1.0,0.0
2024-10-27,156.19938993930595,0.5619938993930595,0.31504085261124204,0.7269898264512269,-0.09970567121320895,0.6183943089430894,-0.5757844129554657,-0.45183669395088844,-0.4820599409033347,-0.5550279329608938,0.6198811096433292,-0.02987380891063618,1.0,0.0,0.0,0.0,0.0,0.0,0.0,1.0,0.0
2024-10-28,166.20407586718747,0.6620407586718746,0.3533891196220664,0.9323758228605628,-0.07844221105527638,0.6260162601626016,-0.5716725708502024,-0.44180475144739473,-0.4763847849538013,-0.5480446927374302,0.6347424042272127,0.002189029101210549,1.0,0.0,0.0,0.0,0.0,0.0,0.0,1.0,0.0
2024-10-29,174.1911392967998,0.7419113929679981,0.40758023327427484,1.1050867743865949,-0.05259511844938991,0.6996951219512195,-0.5520306174089069,-0.4111599121581154,-0.45724872191735844,-0.5243016759776536,0.6457507705856451,0.021890291012103935,1.0,0.0,0.0,0.0,0.0,0.0,0.0,1.0,0.0
2024-10-30,168.20897295547215,0.6820897295547215,0.3998103596508513,1.0141232794733694,-0.04545944005743008,0.647611788617886,-0.5649987348178138,-0.38151327610301466,-0.4148961118146428,-0.5198324022346368,0.6038272420372819,0.044810713365954324,1.0,0.0,0.0,0.0,1.0,1.0,0.0,0.0,0.0
2024-10-31,162.705206265846,0.6270520626584599,0.35867942342211223,0.9350089766606824,-0.0959619526202441,0.6463414634146343,-0.6200341599190283,-0.4301257736075066,-0.40335819145443463,-0.5505586592178771,0.546858946132394,-0.019830028328611915,1.0,0.0,0.0,0.0,0.0,1.0,0.0,0.0,0.0
2024-11-01,161.302840241771,0.6130284024177102,0.3445398173119689,0.9048473967684023,-0.09844580043072504,0.5637703252032522,-0.6481528340080971,-0.4386105010980236,-0.4043431358754279,-0.5754189944134078,0.5243835314839278,-0.02768477980942563,1.0,0.0,0.0,0.0,0.0,1.0,0.0,0.0,0.0
2024-11-02,160.57452324866864,0.6057452324866863,0.3473006153730618,0.9099940155595452,-0.10460875807609482,0.5726626016260161,-0.6629238360323886,-0.4415552006388501,-0.4113315510529525,-0.5729050279329609,0.5307133421400265,-0.026525882049961425,1.0,0.0,0.0,0.0,0.0,1.0,0.0,0.0,0.0
2024-11-03,151.43015086168478,0.5143015086168479,0.3304278888604584,0.8116098144823458,-0.1178356066044508,0.4519817073170731,-0.6502087550607287,-0.46301657017368736,-0.4480559073214202,-0.6002793296089386,0.49016585938646706,-0.09258305433942826,1.0,0.0,0.0,0.0,0.0,1.0,0.0,0.0,0.0
2024-11-04,153.8485553614882,0.538485553614882,0.31176095328824127,0.9058049072411731,-0.1272361809045226,0.43165650406504064,-0.6610576923076923,-0.4829307246955481,-0.4591248065287744,-0.6276536312849161,0.4635623073535886,-0.1205253669842905,1.0,0.0,0.0,0.0,0.0,1.0,0.0,0.0,0.0
2024-11-05,156.8143948883972,0.5681439488839721,0.31323735314873025,1.031837223219629,-0.1260552763819096,0.5688516260162602,-0.6551745951417004,-0.45962267917748056,-0.4740396791895314,-0.605586592178771,0.5263099955966535,-0.07932011331444755,1.0,0.0,0.0,0.0,0.0,1.0,0.0,0.0,0.0
2024-11-06,164.70306023852075,0.6470306023852075,0.3748048531516337,1.1840813883901857,-0.10951543431442934,0.6412601626016261,-0.6478049089068826,-0.44514873228189256,-0.4605318699873364,-0.5949720670391061,0.5874981652722737,-0.013520473860417215,1.0,0.0,0.0,0.0,0.0,0.0,0.0,0.0,0.0
2024-11-07,176.80667728038048,0.7680667728038049,0.4644113697499064,1.3445840813883905,-0.023959081119885095,0.7924288617886179,-0.6111462550607287,-0.3942403673387902,-0.3554711317480418,-0.553072625698324,0.7071224130339058,0.19868658253927363,1.0,1.0,0.0,0.0,1.0,1.0,0.0,1.0,1.0
2024-11-08,184.70578152253626,0.8470578152253625,0.4703862601134745,1.361220825852783,0.05516152189519019,0.7936991869918697,-0.6058324898785425,-0.364244360151727,-0.28661882650907555,-0.5488826815642458,0.8150044033465433,0.1511717744012362,1.0,1.0,0.0,0.0,1.0,1.0,0.0,1.0,1.0
2024-11-09,187.36038992117835,0.8736038992117836,0.48062660670743873,1.428007181328546,0.06493180186647529,0.7759146341463414,-0.62009741902834,-0.31932521461369545,-0.30195581820740114,-0.5600558659217878,0.8334434169969178,0.1389389647180017,1.0,1.0,0.0,0.0,1.0,1.0,0.0,1.0,1.0
2024-11-10,192.52906276084482,0.9252906276084483,0.4824479127755039,1.6035906642728905,0.1195118449389807,0.8432418699186992,-0.5949202935222673,-0.3139349171491316,-0.3033159795506777,-0.5441340782122905,0.8258292969323353,0.18465104300798352,1.0,1.0,0.0,0.0,1.0,1.0,0.0,1.0,1.0
2024-11-11,205.19608522803222,1.051960852280322,0.5592791576391691,2.3450628366247757,0.14014357501794694,0.8407012195121952,-0.5911563765182186,-0.2892792972649232,-0.30828760377093,-0.5405027932960894,0.933436078086012,0.18915786762812248,1.0,1.0,0.0,0.0,1.0,1.0,0.0,0.0,0.0
2024-11-12,222.86776874814706,1.2286776874814707,0.7096540060410845,3.0931178934769603,0.2030796841349607,0.9702743902439024,-0.5606338562753037,-0.265122778997804,-0.28638431593264857,-0.4966480446927374,1.0172831351827392,0.18632500643832084,1.0,1.0,0.0,0.0,1.0,1.0,0.0,1.0,0.0
2024-11-13,222.87661968338818,1.2287661968338819,0.7079364428053765,3.5375224416517055,0.1648707824838478,0.756859756097561,-0.5713562753036437,-0.3006089039728489,-0.28174100651939393,-0.5312849162011173,0.9470130632614122,0.15696626319855778,1.0,1.0,0.0,0.0,0.0,1.0,0.0,0.0,0.0
2024-11-14,223.43273027384404,1.2343273027384405,0.7488060864526183,3.7783363255535605,0.14675879396984914,0.598069105691057,-0.6095964068825911,-0.3254142543421841,-0.3033159795506777,-0.5466480446927374,0.9744422427711728,0.11138295132629406,1.0,1.0,0.0,0.0,0.0,1.0,0.0,1.0,0.0
2024-11-15,218.11773280490863,1.1811773280490865,0.7624351075035101,3.5692399760622378,0.10927853553481692,0.6298272357723576,-0.6005187246963564,-0.30899381113994806,-0.3275174710379438,-0.5575418994413408,1.006091296051666,0.10327066701004384,1.0,1.0,0.0,0.0,0.0,1.0,0.0,0.0,0.0
2024-11-16,219.37812384019904,1.1937812384019906,0.754264972355245,3.3588270496708557,0.12473797559224686,0.6793699186991871,-0.5687310222672065,-0.2749550808544621,-0.2942638713005956,-0.5039106145251397,0.9803133714956702,0.16907030646407417,1.0,1.0,0.0,0.0,1.0,1.0,0.0,0.0,0.0
2024-11-17,215.10381807639845,1.1510381807639845,0.7397574275803416,3.3942549371633755,0.1043718592964824,0.5993394308943087,-0.5890055668016194,-0.3119385106807747,-0.3062239106983724,-0.5315642458100558,1.1797482753559372,0.1268349214524851,1.0,1.0,0.0,0.0,1.0,1.0,0.0,1.0,0.0
2024-11-18,218.24764971760231,1.1824764971760233,0.7525576672727363,3.4428485936564925,0.11713208901651107,0.6323678861788617,-0.5784412955465588,-0.28892992613296076,-0.29496740302987656,-0.520949720670391,1.1814912666960224,0.17859902137522532,1.0,1.0,0.0,0.0,1.0,1.0,0.0,1.0,0.0
2024-11-19,221.35765913316305,1.2135765913316305,0.7890972089694195,3.675643327348893,0.11561737257717164,0.6425304878048779,-0.5611082995951417,-0.27016370533040535,-0.29900098494442096,-0.5075418994413408,1.1804821664464993,0.21027556013391702,1.0,0.0,0.0,0.0,1.0,1.0,0.0,1.0,0.0
2024-11-20,217.41305690526667,1.1741305690526667,0.8269799880850581,3.5229204069419513,0.10215362526920302,0.5701219512195121,-0.5963119939271255,-0.2895288480734678,-0.3009239716711224,-0.5391061452513967,1.1601166886833996,0.13494720576873553,1.0,0.0,0.0,0.0,0.0,1.0,0.0,1.0,0.0
2024-11-21,232.80838905930793,1.3280838905930792,0.9052891812096955,3.6289646918013165,0.2048528356066044,0.6183943089430894,-0.569553390688259,-0.2567877819924137,-0.23150884104873126,-0.41731843575419003,1.3538639365918095,0.1905742982230234,1.0,1.0,0.0,0.0,0.0,1.0,1.0,1.0,0.0
2024-11-22,238.34789004405673,1.3834789004405672,0.9166106984408768,3.939198084979054,0.19454414931801867,0.6310975609756098,-0.5297317813765182,-0.17318826112996621,-0.23258758970029547,-0.3824022346368715,1.358542492294144,0.2791655936131856,1.0,1.0,0.0,1.0,1.0,1.0,1.0,1.0,0.0
2024-11-23,244.73476666449423,1.4473476666449425,0.8925086836234584,4.149970077797726,0.21844580043072503,0.8114837398373982,-0.4965523785425101,-0.13216210820523056,-0.22151869049294126,-0.38351955307262575,1.3399200058711287,0.38204996137007474,1.0,1.0,0.0,1.0,1.0,1.0,1.0,1.0,1.0
2024-11-24,250.2872023981754,1.502872023981754,0.897336015679103,4.150568521843208,0.20661521895190238,0.9461382113821137,-0.4407262145748988,-0.10605909363146337,-0.18662351672060407,-0.38463687150838,1.3203801555849113,0.40342518671130567,1.0,1.0,1.0,1.0,1.0,1.0,1.0,1.0,1.0
2024-11-25,245.75445759719946,1.4575445759719945,0.8000157549749138,3.70065828845003,0.22598348887293618,0.8178353658536586,-0.4617914979757085,-0.13430824515871442,-0.14380188546503447,-0.35782122905027935,1.1492917950976076,0.43291269636878704,1.0,1.0,1.0,1.0,1.0,1.0,1.0,0.0,1.0
2024-11-26,239.50205151001492,1.3950205151001493,0.7792968016626722,3.633153800119689,0.1937042354630294,0.7505081300813006,-0.46963562753036436,-0.13480734677580353,-0.18362178134233853,-0.38435754189944127,1.1166336415675913,0.40020602626834934,1.0,1.0,1.0,1.0,1.0,1.0,1.0,0.0,1.0
2024-11-27,263.87797272689653,1.6387797272689655,0.8571358616906752,3.8015559545182533,0.3116331658291458,0.9143800813008129,-0.4427505060728745,-0.06882611299660613,-0.1227897378171755,-0.2983240223463687,1.2204792308821375,0.7422096317280453,1.0,1.0,1.0,1.0,1.0,1.0,1.0,0.0,1.0
2024-11-28,263.2479486947202,1.6324794869472021,0.8516069106661954,3.8080191502094554,0.2849210337401291,1.1303353658536586,-0.40470015182186225,-0.10456178878019573,-0.1453965573847381,-0.34050279329608935,1.179656538969617,0.6430594900849858,1.0,1.0,1.0,1.0,1.0,1.0,1.0,0.0,1.0
2024-11-29,267.3881679512565,1.673881679512565,0.8869303773335846,4.1041292639138245,0.2895333811916727,1.1887703252032522,-0.388917004048583,-0.08888999800359365,-0.15079030064255894,-0.3337988826815643,1.2332305885806547,0.6189801699716715,1.0,1.0,1.0,1.0,1.0,1.0,1.0,0.0,1.0
2024-11-30,276.2662446066024,1.7626624460660243,0.8670887864449923,4.046558946738481,0.3294615936826992,1.43140243902439,-0.37509488866396756,-0.051607107207027436,-0.12729234088457386,-0.3156424581005586,1.1808491119917806,0.6458923512747876,1.0,1.0,1.0,1.0,1.0,1.0,1.0,0.0,1.0
2024-12-01,277.8797425067004,1.7787974250670038,0.882529436060931,4.274326750448833,0.33129935391241916,1.3399390243902438,-0.3608299595141701,-0.05515072868836102,-0.13704798086393688,-0.3100558659217877,1.1747027741083222,0.6816894154004636,1.0,1.0,1.0,1.0,1.0,1.0,1.0,0.0,1.0
2024-12-02,296.2447875111428,1.9624478751114283,0.8554268146576234,4.0837821663674445,0.30819813352476655,1.464430894308943,-0.35374493927125505,0.2591335595927331,-0.07152572581023409,-0.2846368715083799,1.0721414942022602,0.8036312129796548,1.0,1.0,1.0,1.0,1.0,1.0,1.0,0.0,1.0
2024-12-03,302.02337062532524,2.0202337062532525,0.8566196636796732,3.8676241771394375,0.2976920315865039,1.426321138211382,-0.3358742408906883,0.20308444799361136,0.07949908540875184,-0.2868715083798883,1.1475488037575223,0.9468194694823591,0.0,1.0,1.0,1.0,1.0,1.0,1.0,0.0,1.0
2024-12-04,304.3611415184696,2.043611415184696,0.9112340713139069,4.1813285457809695,0.3781119885139985,1.3653455284552845,-0.3403972672064778,0.201986424436015,0.06692931851226502,-0.2868715083798883,1.1036988110964332,1.018284831315993,0.0,1.0,1.0,1.0,1.0,1.0,1.0,0.0,1.0
2024-12-05,308.918561207427,2.08918561207427,0.957532019954237,4.297187312986235,0.3957071069633884,1.5736788617886175,-0.32034412955465585,0.21760830505090833,0.016744055156887594,-0.27430167597765365,1.1901144870101277,0.9980685037342261,1.0,1.0,1.0,1.0,1.0,1.0,1.0,0.0,1.0
2024-12-06,320.3194784510583,2.2031947845105826,0.9333976822767371,4.204667863554758,0.4358399138549893,1.7121443089430892,-0.3267649291497976,0.29127570373328004,0.03719337742132178,-0.25446927374301676,1.174886246880963,1.2611382951326293,0.0,1.0,1.0,1.0,1.0,1.0,1.0,0.0,1.0
2024-12-07,316.10280460636824,2.1610280460636826,0.9341325918559555,4.42262118491921,0.43482770997846365,1.6219512195121952,-0.3460273279352226,0.2370732681173886,0.017353782655597838,-0.2522346368715084,1.186078086012036,1.325650270409477,0.0,1.0,1.0,1.0,1.0,1.0,1.0,0.0,1.0
2024-12-08,320.3600309020527,2.203600309020527,0.9582425422258489,4.5839616995810895,0.4377063890882986,1.6117886178861789,-0.34463562753036436,0.30250549011778793,0.030673983396651172,-0.2536312849162011,1.1763540290620873,1.395184135977337,0.0,1.0,1.0,1.0,1.0,1.0,1.0,0.0,1.0
2024-12-09,274.7320795594405,1.7473207955944048,0.8837222850829807,3.9543985637342907,0.33251974156496766,1.1697154471544713,-0.4529668522267206,0.10945298462767017,-0.1145349655269452,-0.3743016759776536,0.9874688096286512,1.0634818439351017,0.0,1.0,1.0,0.0,1.0,1.0,0.0,0.0,1.0
2024-12-10,266.2339658695467,1.6623396586954668,0.8708695933242261,3.7146618791143027,0.3023259152907394,1.1354166666666665,-0.4511955971659919,0.10426232780994193,-0.17067679752356824,-0.38379888268156426,0.9593057390283284,0.9642029358743238,0.0,1.0,1.0,0.0,1.0,1.0,0.0,0.0,1.0
2024-12-11,288.3050956671691,1.883050956671691,0.9587674499895675,3.9570317175344103,0.37544508255563525,1.3119918699186992,-0.40751518218623484,0.20138750249550808,-0.11856854744148959,-0.3472067039106145,1.0850763246734183,1.2095029616276074,0.0,1.0,1.0,1.0,1.0,1.0,0.0,0.0,1.0
2024-12-12,305.91628947178174,2.0591628947178173,0.9360903507165803,3.861041292639138,0.3932447954055993,1.270071138211382,-0.3798709514170041,0.4536833699341185,-0.04572956240326442,-0.287709497206704,1.0813151328342876,1.2810970898789598,0.0,1.0,1.0,1.0,1.0,1.0,1.0,0.0,1.0
2024-12-13,307.1922802651019,2.071922802651019,0.963154068557754,3.895272292040694,0.4024156496769562,1.2929369918699187,-0.3888853744939271,0.4469454981034138,-0.009333520941794515,-0.28324022346368716,1.061408337002789,1.252124645892351,0.0,1.0,1.0,1.0,1.0,1.0,1.0,0.0,1.0
2024-12-14,294.5867260691151,1.9458672606911511,0.9625974185841348,3.767684021543986,0.3892175161521896,1.1989329268292686,-0.42734691295546556,0.45338390896386493,-0.0950705876835044,-0.3187150837988827,1.0167327168648175,1.1568374967808395,0.0,1.0,0.0,0.0,1.0,1.0,1.0,0.0,1.0
2024-12-15,303.521241871735,2.03521241871735,1.0215870253329928,3.8672651107121485,0.4214716439339554,1.2992886178861789,-0.4077049595141701,0.4603713316031144,-0.03775620280474645,-0.2907821229050279,1.0568215176867755,1.1984290497038375,0.0,1.0,1.0,0.0,1.0,1.0,1.0,0.0,1.0
2024-12-16,293.129061247414,1.9312906124741396,1.053562463056132,3.811011370436864,0.43080402010050234,1.1773373983739837,-0.42914979757085026,0.43456777799960045,-0.11082969841939871,-0.3022346368715083,0.9822398356083959,1.0902652588204997,0.0,1.0,0.0,0.0,1.0,0.0,0.0,0.0,0.0
2024-12-17,285.21959888947066,1.8521959888947066,1.0542820821805816,3.7172950329144223,0.39714644651830566,1.0464939024390243,-0.46153846153846156,0.39089638650429204,-0.16851930022043993,-0.346927374301676,1.047189197123147,1.091424156579964,0.0,0.0,0.0,0.0,1.0,0.0,0.0,0.0,0.0
2024-12-18,280.3786031138599,1.8037860311385994,1.0037995812350893,3.59377618192699,0.3863280689160087,1.0045731707317076,-0.47444331983805665,0.36728888001597104,-0.18803058017916607,-0.34860335195530734,0.9844415088800822,1.0072109193922225,0.0,1.0,0.0,0.0,1.0,0.0,0.0,0.0,0.0
2024-12-19,240.73436712427628,1.4073436712427627,0.8846397123691263,2.7627767803710355,0.22656496769562096,0.6539634146341464,-0.5565220141700404,0.13820123777201032,-0.23230617700858303,-0.4678770949720671,0.7770255394099517,0.6386814318825651,0.0,0.0,0.0,0.0,0.0,0.0,0.0,0.0,0.0
2024-12-20,240.73436712427628,1.4073436712427627,0.8922421651903312,2.805266307600239,0.24630294328786784,0.7479674796747966,-0.5427631578947368,0.1676981433419844,-0.20411800572205796,-0.47262569832402235,0.782254513430207,0.7611382951326293,0.0,0.0,0.0,0.0,0.0,0.0,0.0,0.0,0.0
2024-12-21,240.73436712427628,1.4073436712427627,0.873168968041401,2.835786953919808,0.19852835606604446,0.6501524390243902,-0.5797064777327936,0.10436214813335987,-0.23845035411097038,-0.4991620111731844,0.6638228386907383,0.7043523049188773,0.0,0.0,0.0,0.0,0.0,0.0,0.0,0.0,0.0
2024-12-22,240.73436712427628,1.4073436712427627,0.8404239752782379,2.742429682824656,0.17798994974874383,0.5942581300813006,-0.5843876518218623,0.10236574166500301,-0.25758641714741326,-0.508659217877095,0.6552913547629533,0.7898532062838013,0.0,0.0,0.0,0.0,0.0,0.0,0.0,0.0,0.0
2024-12-23,240.73436712427628,1.4073436712427627,0.8341686308771958,2.8891681627767807,0.2283237616654703,0.7441565040650406,-0.5416877530364372,0.22514473946895586,-0.23774682238168932,-0.4625698324022347,0.743541758403053,0.8402008756116406,0.0,0.0,0.0,0.0,1.0,0.0,0.0,0.0,0.0
2024-12-24,249.4136320000242,1.494136320000242,0.9082965620476977,3.034949132256134,0.25402010050251245,0.7708333333333333,-0.5329263663967612,0.2693152325813535,-0.22958585432202994,-0.45558659217877095,0.8071150741230002,0.8789595673448365,0.0,0.0,0.0,0.0,1.0,0.0,0.0,0.0,0.0
2024-12-25,239.65558843915508,1.3965558843915509,0.9228478491362442,3.001436265709156,0.25529432878679104,0.714939024390244,-0.5462740384615384,0.21965462168097427,-0.24801838562919187,-0.46424581005586596,0.8104175840305299,0.791269636878702,0.0,0.0,0.0,0.0,0.0,0.0,0.0,0.0,0.0
2024-12-26,239.65558843915508,1.3965558843915509,0.8516835564901013,2.7425493716337526,0.1970028715003589,0.6082317073170731,-0.5767016700404859,0.13166300658814123,-0.28174100651939393,-0.5039106145251397,0.7280383091149274,0.708215297450425,0.0,0.0,0.0,0.0,0.0,0.0,0.0,0.0,0.0
2024-12-27,239.65558843915508,1.3965558843915509,0.8226974994493501,2.7329742669060444,0.19640344580043068,0.6717479674796749,-0.5608868927125505,0.07611299660610893,-0.2609164673326767,-0.482122905027933,0.6896007632467342,0.7194179757919135,0.0,0.0,0.0,0.0,0.0,0.0,0.0,0.0,0.0
2024-12-28,239.65558843915508,1.3965558843915509,0.8412575953882442,2.882585278276481,0.22182340272792533,0.7314532520325203,-0.5461791497975708,0.09712517468556592,-0.27325172365273676,-0.4717877094972067,0.7924372523117569,0.7480041205253669,0.0,0.0,0.0,0.0,0.0,0.0,0.0,0.0,0.0
2024-12-29,239.65558843915508,1.3965558843915509,0.8109192040756998,2.763375224416517,0.2048312993539123,0.6463414634146343,-0.5711664979757085,0.045817528448792055,-0.2930913184184606,-0.49553072625698324,0.7416152942903274,0.6747360288436777,0.0,1.0,0.0,0.0,0.0,0.0,0.0,0.0,0.0
2024-12-30,239.98829864576714,1.3998829864576714,0.7926744011851459,2.757869539198085,0.20650394831299357,0.6361788617886179,-0.5719888663967612,0.02710121780794572,-0.29637446648843857,-0.4913407821229051,0.7545501247614854,0.7158125160958022,0.0,1.0,0.0,0.0,0.0,0.0,0.0,0.0,0.0
2024-12-31,238.2897630630845,1.3828976306308451,0.8068714916632183,2.781687612208259,0.19796482412060312,0.6158536585365855,-0.5804655870445343,-0.0009982032341786518,-0.3001266357112705,-0.5111731843575419,0.7358359019521503,0.705253669842905,0.0,0.0,0.0,0.0,0.0,0.0,0.0,0.0,0.0
2025-01-01,238.2897630630845,1.3828976306308451,0.8267949542273461,2.891561938958707,0.2061701363962669,0.6755589430894309,-0.5725581983805668,0.08454781393491717,-0.2910276253459031,-0.49329608938547487,0.7817040951122853,0.7549575070821528,0.0,0.0,0.0,0.0,0.0,0.0,0.0,0.0,0.0
2025-01-02,238.2897630630845,1.3828976306308451,0.8755618274377339,3.056852184320766,0.24053840631730083,0.7594004065040649,-0.5668016194331984,0.10146735875424229,-0.2735331363444491,-0.47541899441340785,0.909676354029062,0.8517898532062838,0.0,0.0,0.0,0.0,0.0,0.0,0.0,1.0,0.0
2025-01-03,248.9124704715748,1.4891247047157479,0.9006960447270962,3.5236385397965293,0.2891241923905241,0.9016768292682928,-0.5301745951417004,0.18376921541225788,-0.25904038272126073,-0.4430167597765363,0.9948077205342727,0.9443729075457121,1.0,1.0,1.0,1.0,0.0,0.0,1.0,1.0,1.0
