Date,total_dollar_oi
01-01-2021,2082951065.3649821
02-01-2021,2156018754.671783
03-01-2021,2397092951.002466
04-01-2021,2179848127.585017
05-01-2021,2310461037.299544
06-01-2021,2462611668.388965
07-01-2021,2616014034.6972156
08-01-2021,2442132938.0320277
09-01-2021,2823334979.5086365
10-01-2021,2672307343.4881115
11-01-2021,2039550713.683543
12-01-2021,1880371587.7634287
13-01-2021,2239681815.7925744
14-01-2021,2353845221.155308
15-01-2021,2323739701.5990076
16-01-2021,2470699589.686665
17-01-2021,2472038980.4622297
18-01-2021,2610635541.1585803
19-01-2021,2656748184.075394
20-01-2021,2615926315.1008406
21-01-2021,2164634225.3131804
22-01-2021,2187760483.80578
23-01-2021,2264953439.6601214
24-01-2021,2463763788.0150957
25-01-2021,2421203894.1202054
26-01-2021,2384352301.1712255
27-01-2021,2233567482.333329
28-01-2021,2582672886.5226054
29-01-2021,2617961386.4534245
30-01-2021,2839090091.3163066
31-01-2021,2814884211.241323
01-02-2021,2816543810.268351
02-02-2021,3223177940.7061825
03-02-2021,3519531719.602204
04-02-2021,3384175308.665756
05-02-2021,3790732944.5565925
06-02-2021,3856111480.134403
07-02-2021,3487624102.4623284
08-02-2021,4199106332.276266
09-02-2021,4388691213.875725
10-02-2021,4198175540.0026436
11-02-2021,4722823727.789881
12-02-2021,4992512699.552017
13-02-2021,5058740621.41113
14-02-2021,5062917293.144196
15-02-2021,4401630317.729798
16-02-2021,4410196945.273064
17-02-2021,4995159217.7552
18-02-2021,5068587366.394286
19-02-2021,5538747357.745329
20-02-2021,5139101725.923444
21-02-2021,5273507222.2205925
22-02-2021,4252532298.435445
23-02-2021,3238141034.3346815
24-02-2021,3430979089.8169565
25-02-2021,3343513545.818317
26-02-2021,3175938161.8496895
27-02-2021,3226957298.320978
28-02-2021,3254352335.133284
01-03-2021,3559850629.410126
02-03-2021,3577077832.4548903
03-03-2021,3718433169.652345
04-03-2021,3603571053.245922
05-03-2021,3541023773.317811
06-03-2021,3697618246.5794144
07-03-2021,3956639316.6612244
08-03-2021,4417104076.850729
09-03-2021,4772052577.607919
10-03-2021,4632692676.13829
11-03-2021,4930612240.743956
12-03-2021,4627524993.140041
13-03-2021,5288244715.128552
14-03-2021,5093903684.963151
15-03-2021,4662924907.668905
16-03-2021,4835763302.536913
17-03-2021,5064991319.502136
18-03-2021,4987380539.673834
19-03-2021,5123034374.162016
20-03-2021,5197633975.513424
21-03-2021,5099602483.78129
22-03-2021,4839331966.72342
23-03-2021,4918227498.79412
24-03-2021,4375227759.906227
25-03-2021,4324344448.078414
26-03-2021,4677438170.655943
27-03-2021,4709166518.959994
28-03-2021,4732677393.654976
29-03-2021,5192936491.732967
30-03-2021,5539520392.867468
31-03-2021,5618288193.109091
01-04-2021,5745743029.902203
02-04-2021,6190422481.132927
03-04-2021,5794404847.612003
04-04-2021,6096238666.877775
05-04-2021,6615714486.7943
06-04-2021,6584679158.932759
07-04-2021,5989135215.947914
08-04-2021,6280214703.671972
09-04-2021,6266790606.066088
10-04-2021,6771462652.776331
11-04-2021,6993155367.595974
12-04-2021,7345082954.14876
13-04-2021,8074675766.844238
14-04-2021,8053250517.911249
15-04-2021,8443955538.06007
16-04-2021,8054056085.862432
17-04-2021,7876916286.004625
18-04-2021,5413252427.758762
19-04-2021,5127207309.329341
20-04-2021,5408392495.255061
21-04-2021,5256133224.628448
22-04-2021,5126478636.979589
23-04-2021,4760274138.081181
24-04-2021,4596591668.107061
25-04-2021,4649529966.294239
26-04-2021,4885963357.255642
27-04-2021,5230677249.594358
28-04-2021,5354358790.555655
29-04-2021,5557567894.374897
30-04-2021,6178892795.477174
01-05-2021,6543604872.621711
02-05-2021,6470254242.3427105
03-05-2021,7195144421.262718
04-05-2021,6395153569.171137
05-05-2021,7388222062.050659
06-05-2021,7663290237.471365
07-05-2021,7585492948.184246
08-05-2021,7985493562.380787
09-05-2021,7881916792.475081
10-05-2021,6805241099.633688
11-05-2021,7215572250.6446705
12-05-2021,6447210378.755697
13-05-2021,6191120083.814825
14-05-2021,6468358137.55812
15-05-2021,6337382200.498114
16-05-2021,6413961468.758469
17-05-2021,6097590053.341265
18-05-2021,6229441134.428624
19-05-2021,2801337999.2909317
20-05-2021,3141049558.215477
21-05-2021,3037907632.0125613
22-05-2021,2906775685.3454647
23-05-2021,2809178831.2075753
24-05-2021,3327826116.005517
25-05-2021,3350550106.19624
26-05-2021,3676882724.961397
27-05-2021,3503694237.582044
28-05-2021,3431449163.9474487
29-05-2021,3407117762.5317945
30-05-2021,3519068046.679547
31-05-2021,3803807098.3238497
01-06-2021,3814372677.5275793
02-06-2021,4141337318.6131806
03-06-2021,4587298501.123711
04-06-2021,4057074347.2039757
05-06-2021,4065688373.1762447
06-06-2021,4202750424.9472194
07-06-2021,4081917396.884634
08-06-2021,3984132910.526477
09-06-2021,4417210148.666374
10-06-2021,4019665548.112737
11-06-2021,4070032423.9777846
12-06-2021,3999217577.75737
13-06-2021,4428701792.617388
14-06-2021,4537663883.700902
15-06-2021,4515984541.407429
16-06-2021,4456590272.221348
17-06-2021,4586039704.730742
18-06-2021,4262681297.8210397
19-06-2021,4231488288.6773634
20-06-2021,4354461193.942526
21-06-2021,3541585901.0338798
22-06-2021,3481169987.4515934
23-06-2021,3676981465.863852
24-06-2021,3991796696.232605
25-06-2021,3558749380.4193277
26-06-2021,3756409882.2272663
27-06-2021,3961085842.6925335
28-06-2021,4028083119.361539
29-06-2021,4318849997.958955
30-06-2021,4230394742.935794
01-07-2021,4009964484.1931963
02-07-2021,4124288494.678111
03-07-2021,4429783912.158146
04-07-2021,4569805007.028885
05-07-2021,4309696342.921272
06-07-2021,4441749745.148598
07-07-2021,4583655857.545857
08-07-2021,4396454499.637433
09-07-2021,4635147109.842472
10-07-2021,4556410322.786596
11-07-2021,4740816856.25693
12-07-2021,4661577964.032609
13-07-2021,4633273469.953133
14-07-2021,4556899501.945062
15-07-2021,4643669646.889666
16-07-2021,4450953273.954553
17-07-2021,4634771754.859061
18-07-2021,4573494381.53514
19-07-2021,4800926549.355748
20-07-2021,4449628745.420864
21-07-2021,4694770368.768736
22-07-2021,4795921474.041224
23-07-2021,5050266432.041761
24-07-2021,5199788292.587906
25-07-2021,5411132982.032972
26-07-2021,4574167767.864993
27-07-2021,4868733821.117433
28-07-2021,4882848325.349964
29-07-2021,5202025172.168651
30-07-2021,5330579117.357317
31-07-2021,5454560045.020636
01-08-2021,4949747713.791336
02-08-2021,5265048007.574352
03-08-2021,5211047748.169273
04-08-2021,5542588588.421783
05-08-2021,5682006766.425288
06-08-2021,5992683183.125073
07-08-2021,6315941217.573759
08-08-2021,5849511247.590897
09-08-2021,6538207930.367447
10-08-2021,6629623060.012432
11-08-2021,6937007988.560325
12-08-2021,6503708275.466549
13-08-2021,7273879024.961007
14-08-2021,7546895515.705136
15-08-2021,7567446746.864532
16-08-2021,7500061151.933443
17-08-2021,7042568375.796723
18-08-2021,6839662506.756535
19-08-2021,7479443987.163353
20-08-2021,8083767711.980198
21-08-2021,8119514104.683054
22-08-2021,8190135773.176729
23-08-2021,8992987095.373346
24-08-2021,8363596903.490342
25-08-2021,8202194003.407523
26-08-2021,7643876471.5349865
27-08-2021,8111594547.413599
28-08-2021,8237157387.403716
29-08-2021,8139826165.642994
30-08-2021,8216768924.859336
31-08-2021,8639850812.260567
01-09-2021,9229795866.508995
02-09-2021,9731806482.705248
03-09-2021,10138478687.418701
04-09-2021,10189279213.63599
05-09-2021,11051472586.97705
06-09-2021,10989212105.498169
07-09-2021,6009954141.727944
08-09-2021,5920551890.602365
09-09-2021,6233801312.790064
10-09-2021,6219737431.523074
11-09-2021,6385493253.180383
12-09-2021,6781298303.730178
13-09-2021,6326689452.347561
14-09-2021,6866830393.401344
15-09-2021,7406163247.930458
16-09-2021,7331357320.517389
17-09-2021,7136382753.084137
18-09-2021,7297810229.851112
19-09-2021,7208887614.529295
20-09-2021,5875513194.036575
21-09-2021,5331519696.778926
22-09-2021,5765575322.271997
23-09-2021,6074628272.714419
24-09-2021,5618587245.437144
25-09-2021,5534084897.49324
26-09-2021,5630889419.922289
27-09-2021,5529220706.078157
28-09-2021,5459841223.611208
29-09-2021,5760799366.517178
30-09-2021,6005038819.986144
01-10-2021,6825776337.833441
02-10-2021,6921042442.230493
03-10-2021,7162887160.769697
04-10-2021,7125135455.449776
05-10-2021,7814039445.653947
06-10-2021,7916467098.295326
07-10-2021,8021661727.594592
08-10-2021,8032724645.406057
09-10-2021,8299798706.386632
10-10-2021,7972442343.469728
11-10-2021,8278270861.96052
12-10-2021,7833062825.551502
13-10-2021,8079277444.355773
14-10-2021,8546816685.017113
15-10-2021,9009533782.769512
16-10-2021,9123986501.324194
17-10-2021,8844175006.861681
18-10-2021,8805767893.553389
19-10-2021,9389158693.38896
20-10-2021,10162505097.61499
21-10-2021,9754878925.14347
22-10-2021,9877194778.659975
23-10-2021,10056958085.747292
24-10-2021,10076892472.015095
25-10-2021,10596970474.48227
26-10-2021,10695516666.938828
27-10-2021,8963477550.641218
28-10-2021,9351172775.82568
29-10-2021,9893945980.286043
30-10-2021,9753248328.358477
31-10-2021,9883241955.00939
01-11-2021,10002725363.125607
02-11-2021,10894649385.17104
03-11-2021,10923365140.348698
04-11-2021,10942249832.720951
05-11-2021,11005199211.203878
06-11-2021,11023217887.953382
07-11-2021,11423978244.265263
08-11-2021,12517098204.532135
09-11-2021,12550745445.864826
10-11-2021,11016823887.336262
11-11-2021,10989581697.749767
12-11-2021,10968391822.875378
13-11-2021,11033310122.731407
14-11-2021,11355685505.505764
15-11-2021,11558519635.027952
16-11-2021,9907965944.64989
17-11-2021,9977248264.966484
18-11-2021,9319808995.706448
19-11-2021,9707243879.729326
20-11-2021,9897882567.256916
21-11-2021,9677042869.07107
22-11-2021,9794693271.587011
23-11-2021,10222847290.371735
24-11-2021,10328768998.904655
25-11-2021,10979624500.58593
26-11-2021,9914403742.263979
27-11-2021,9885646304.520424
28-11-2021,10074462625.818172
29-11-2021,10254014136.560198
30-11-2021,10238178298.623674
01-12-2021,10359957668.465645
02-12-2021,10203093192.708673
03-12-2021,9552862090.94501
04-12-2021,6177566310.647693
05-12-2021,5910708562.842197
06-12-2021,6016696326.490299
07-12-2021,6158113562.67262
08-12-2021,6425801842.961365
09-12-2021,6205406295.60382
10-12-2021,5832834862.549986
11-12-2021,6235076643.33249
12-12-2021,6530413451.496503
13-12-2021,5982943620.360844
14-12-2021,6163109730.096266
15-12-2021,6419465996.861471
16-12-2021,6563966215.897542
17-12-2021,6512293915.971752
18-12-2021,6868907125.459068
19-12-2021,6915972748.191674
20-12-2021,7230589664.675678
21-12-2021,8073898293.747243
22-12-2021,8290657119.070518
23-12-2021,9071593466.805645
24-12-2021,9050197183.81198
25-12-2021,9380190703.311243
26-12-2021,9419506551.989775
27-12-2021,9528221411.001965
28-12-2021,8775125955.173313
29-12-2021,8467420662.583475
30-12-2021,8563514750.461298
31-12-2021,8603507416.812916
01-01-2022,8904840758.898083
02-01-2022,8926598675.795055
03-01-2022,9281898040.367384
04-01-2022,9268728339.4839
05-01-2022,8338622732.639809
06-01-2022,8392741770.115307
07-01-2022,7907429846.608109
08-01-2022,7687755628.687015
09-01-2022,7754315412.767382
10-01-2022,7713537440.429081
11-01-2022,8088540234.774293
12-01-2022,8489005580.031249
13-01-2022,8217637112.853109
14-01-2022,8308163964.120218
15-01-2022,8445544950.823986
16-01-2022,8482593868.170807
17-01-2022,8360148330.032738
18-01-2022,8253183299.320325
19-01-2022,7964661298.277914
20-01-2022,7722233963.247475
21-01-2022,6487401135.653818
22-01-2022,6006688744.856341
23-01-2022,6354672383.073415
24-01-2022,6251123167.379008
25-01-2022,6431948460.445526
26-01-2022,6259085042.11284
27-01-2022,6217270321.230118
28-01-2022,6529378666.014636
29-01-2022,6801760139.592629
30-01-2022,6848157140.719206
31-01-2022,7312868641.121923
01-02-2022,7280637125.690992
02-02-2022,6871095766.251141
03-02-2022,6998541503.579445
04-02-2022,8006304752.78722
05-02-2022,8009042776.793198
06-02-2022,8152769407.099233
07-02-2022,8307091295.593422
08-02-2022,7946621322.900759
09-02-2022,8194112530.184234
10-02-2022,7642546684.588217
11-02-2022,7301946367.448177
12-02-2022,7280258663.820973
13-02-2022,7155979146.969982
14-02-2022,7373972686.526049
15-02-2022,8066312818.881064
16-02-2022,7908734104.719656
17-02-2022,7194014860.972816
18-02-2022,7004718291.7711315
19-02-2022,7145701000.202634
20-02-2022,6729565040.338803
21-02-2022,6360245209.602877
22-02-2022,6676698454.737346
23-02-2022,6458174091.030694
24-02-2022,6136827239.377891
25-02-2022,6584916794.392304
26-02-2022,6588303576.191058
27-02-2022,6140974057.175938
28-02-2022,7081204600.289174
01-03-2022,7466631480.005003
02-03-2022,7515791252.319156
03-03-2022,7444480508.8313055
04-03-2022,6855460285.059874
05-03-2022,7033862265.601694
06-03-2022,6678113719.66373
07-03-2022,6402236486.080048
08-03-2022,6618499853.102848
09-03-2022,7187191710.413637
10-03-2022,6705160197.996786
11-03-2022,6723122483.608471
12-03-2022,6833809369.965656
13-03-2022,6861989398.920572
14-03-2022,7072340896.925934
15-03-2022,7151670825.791598
16-03-2022,7467318011.079876
17-03-2022,7594917438.689666
18-03-2022,7913269735.352279
19-03-2022,8138857352.6806965
20-03-2022,7834933389.071419
21-03-2022,7872759543.920167
22-03-2022,8379821980.934301
23-03-2022,8462670371.462113
24-03-2022,9218726605.57465
25-03-2022,8985411762.291086
26-03-2022,9226723148.46715
27-03-2022,9764915644.237606
28-03-2022,9398841804.07827
29-03-2022,9553327496.721474
30-03-2022,9740729650.249672
31-03-2022,9260411161.965857
01-04-2022,9453165853.452442
02-04-2022,9295092611.07854
03-04-2022,9628458635.980604
04-04-2022,9498850074.209627
05-04-2022,9442539305.006922
06-04-2022,8565178122.708604
07-04-2022,8761252314.285786
08-04-2022,8644856609.102787
09-04-2022,8850694904.966568
10-04-2022,8767608701.18562
11-04-2022,8037174144.880556
12-04-2022,8173184741.126057
13-04-2022,8359885892.002001
14-04-2022,8311214544.612327
15-04-2022,8416039818.507721
16-04-2022,8473502725.871223
17-04-2022,8332011761.165288
18-04-2022,8343107855.648569
19-04-2022,8786944535.773739
20-04-2022,8704139672.186893
21-04-2022,8453648131.750391
22-04-2022,8629937973.287863
23-04-2022,8690464662.759077
24-04-2022,8687988943.722706
25-04-2022,8691351912.280571
26-04-2022,8334962340.405819
27-04-2022,8475608913.349045
28-04-2022,8368511479.464476
29-04-2022,8142057697.646818
30-04-2022,7723048765.363043
01-05-2022,7764418627.923963
02-05-2022,7684234790.292776
03-05-2022,7966272306.727689
04-05-2022,8208632114.279058
05-05-2022,7719917921.372314
06-05-2022,7662414946.24014
07-05-2022,7558346048.485293
08-05-2022,7375085221.652844
09-05-2022,5980038840.164668
10-05-2022,5877783347.264557
11-05-2022,4982910837.434963
12-05-2022,4525012132.696003
13-05-2022,4813933694.116433
14-05-2022,4849893564.225248
15-05-2022,5230574119.674534
16-05-2022,4961348777.925865
17-05-2022,5215604272.17491
18-05-2022,5077856207.799282
19-05-2022,5617182264.340429
20-05-2022,5260318583.1073475
21-05-2022,5335401676.800285
22-05-2022,5704480973.801002
23-05-2022,5421115210.742859
24-05-2022,5591910947.7157955
25-05-2022,5508985767.329441
26-05-2022,5351838788.310005
27-05-2022,5316448914.961069
28-05-2022,5513124363.621582
29-05-2022,5756849343.975063
30-05-2022,6207011847.231285
31-05-2022,6113072644.230005
01-06-2022,5545103593.740079
02-06-2022,5765167366.801369
03-06-2022,5672767260.279652
04-06-2022,5687472820.240046
05-06-2022,5724258400.655515
06-06-2022,6348627613.034178
07-06-2022,5875568561.266515
08-06-2022,5531753292.08508
09-06-2022,5738742757.073345
10-06-2022,5777739528.060766
11-06-2022,5614091553.118783
12-06-2022,5104175732.62217
13-06-2022,4485084170.911325
14-06-2022,4470226676.914087
15-06-2022,4664287364.067638
16-06-2022,4339920178.404028
17-06-2022,4504929007.349187
18-06-2022,4265629716.9369526
19-06-2022,4617408924.352967
20-06-2022,4581360011.1155815
21-06-2022,4659408897.664416
22-06-2022,4431985609.071573
23-06-2022,4878747319.399965
24-06-2022,5102210387.27742
25-06-2022,5321076867.135321
26-06-2022,4926960019.823647
27-06-2022,4878215554.680949
28-06-2022,4790435371.159813
29-06-2022,4690865400.970107
30-06-2022,4522578939.411286
01-07-2022,4354034788.356089
02-07-2022,4478927103.821376
03-07-2022,4587739493.765168
04-07-2022,5071161954.106819
05-07-2022,4899996414.123949
06-07-2022,5224145282.2993965
07-07-2022,5781841574.427443
08-07-2022,5426666744.36344
09-07-2022,5495053568.15684
10-07-2022,5144153987.379452
11-07-2022,4863525618.944653
12-07-2022,4727868757.087446
13-07-2022,4955124967.716225
14-07-2022,5298065421.175041
15-07-2022,5448023634.322627
16-07-2022,5747381866.674475
17-07-2022,5504610317.026907
18-07-2022,6074462104.362938
19-07-2022,6224610106.664709
20-07-2022,5810739644.607111
21-07-2022,6037075116.358811
22-07-2022,5969615455.911931
23-07-2022,6004070707.778111
24-07-2022,6303218854.930518
25-07-2022,5437344659.657874
26-07-2022,5564788521.865991
27-07-2022,6467570464.730108
28-07-2022,6787402630.624604
29-07-2022,6745410359.075337
30-07-2022,6707532702.685439
31-07-2022,6525081886.32062
01-08-2022,6349410427.383149
02-08-2022,6194547325.700288
03-08-2022,6312858640.836629
04-08-2022,6317673177.168844
05-08-2022,6828055397.40814
06-08-2022,6887011685.493592
07-08-2022,6905560429.340275
08-08-2022,7338739336.22416
09-08-2022,6850048623.590383
10-08-2022,7347921726.837598
11-08-2022,7648171111.8764715
12-08-2022,7801361367.303238
13-08-2022,8007327717.769538
14-08-2022,7603145897.5172615
15-08-2022,7285982999.816843
16-08-2022,7261853880.575388
17-08-2022,7192211337.023174
18-08-2022,7098846991.936624
19-08-2022,5817638808.799723
20-08-2022,5871595633.013294
21-08-2022,5971666746.808681
22-08-2022,6209828364.318705
23-08-2022,6289151391.21213
24-08-2022,6326002752.368981
25-08-2022,6513825881.313608
26-08-2022,5864164049.089027
27-08-2022,5923508521.878857
28-08-2022,5806222264.000009
29-08-2022,6261400898.203936
30-08-2022,6012191227.363943
31-08-2022,5881156997.309776
01-09-2022,6144613755.90929
02-09-2022,5984211331.076895
03-09-2022,6326791922.094214
04-09-2022,6346611136.746471
05-09-2022,6583252452.642915
06-09-2022,6098327430.480337
07-09-2022,6156543794.600667
08-09-2022,6241097039.02269
09-09-2022,6997122487.775217
10-09-2022,7190158142.861137
11-09-2022,7206393731.86418
12-09-2022,7296478318.729458
13-09-2022,5979707023.722177
14-09-2022,6032235473.696612
15-09-2022,5831739163.767031
16-09-2022,6025980025.852746
17-09-2022,6278960232.509325
18-09-2022,5781233187.758364
19-09-2022,5680979728.112768
20-09-2022,5565380437.252464
21-09-2022,5367770434.496936
22-09-2022,5919899673.226444
23-09-2022,5799569629.135055
24-09-2022,5835587287.084266
25-09-2022,5784402259.675959
26-09-2022,6158091493.049322
27-09-2022,6033974722.1967535
28-09-2022,6150485763.562749
29-09-2022,6193924254.985286
30-09-2022,6043916344.808928
01-10-2022,6146893103.057846
02-10-2022,6097298469.001915
03-10-2022,6447783477.225358
04-10-2022,7462815030.242979
05-10-2022,7140794437.421375
06-10-2022,7103048068.896794
07-10-2022,6823910269.750086
08-10-2022,6750256037.969215
09-10-2022,6862644551.896916
10-10-2022,6825461510.659509
11-10-2022,6864586965.178302
12-10-2022,6815613857.990109
13-10-2022,6722363933.812744
14-10-2022,6564423070.555058
15-10-2022,6525456304.162346
16-10-2022,6477009007.612019
17-10-2022,7003511643.527478
18-10-2022,6788003162.291678
19-10-2022,6773356112.288602
20-10-2022,6851778768.224902
21-10-2022,6785193144.1161175
22-10-2022,7010927235.7856045
23-10-2022,7446961856.529624
24-10-2022,6993268285.648034
25-10-2022,7718328072.783894
26-10-2022,8069020140.21426
27-10-2022,7502867766.539885
28-10-2022,7592069220.32217
29-10-2022,7943601951.703778
30-10-2022,7665251501.342946
31-10-2022,7406204355.490875
01-11-2022,7490270677.095407
02-11-2022,6958558894.199738
03-11-2022,7121440847.69367
04-11-2022,8090879608.775654
05-11-2022,8188410563.853769
06-11-2022,7518498604.41541
07-11-2022,7162743576.150633
08-11-2022,5512133290.327563
09-11-2022,4998697129.425175
10-11-2022,5254394897.038635
11-11-2022,4923982763.882327
12-11-2022,4826353823.739252
13-11-2022,4801794910.489255
14-11-2022,4817012402.850315
15-11-2022,4877484050.220478
16-11-2022,5084988171.856956
17-11-2022,5192530147.679954
18-11-2022,5187111123.414736
19-11-2022,5176274488.462758
20-11-2022,4983702694.299118
21-11-2022,5046850766.662535
22-11-2022,5362058488.698428
23-11-2022,5484476628.123957
24-11-2022,5618661828.988644
25-11-2022,5663533769.141597
26-11-2022,5748007582.845699
27-11-2022,5741642069.050251
28-11-2022,5513497169.85489
29-11-2022,5912124944.417471
30-11-2022,6170298713.044184
01-12-2022,6387846976.069709
02-12-2022,6572602911.768427
03-12-2022,6134621862.358042
04-12-2022,6151724996.194698
05-12-2022,5812541541.858825
06-12-2022,5659402451.217995
07-12-2022,5508225470.372416
08-12-2022,5701687945.190431
09-12-2022,5556551906.27959
10-12-2022,5629459808.440314
11-12-2022,5561221534.102438
12-12-2022,5361671797.192637
13-12-2022,5497938651.549997
14-12-2022,5469374285.020317
15-12-2022,5354150914.79778
16-12-2022,4576354177.471448
17-12-2022,4731168228.775981
18-12-2022,4715138424.582204
19-12-2022,4626894100.923492
20-12-2022,4763781409.31957
21-12-2022,4784587622.108419
22-12-2022,4858092084.997718
23-12-2022,4871648784.145556
24-12-2022,4928090625.662477
25-12-2022,4904356791.892052
26-12-2022,5014796629.560013
27-12-2022,5125463436.49449
28-12-2022,5064940646.846313
29-12-2022,5088019254.951726
30-12-2022,5139339298.382732
31-12-2022,5103435414.593079
01-01-2023,5283919872.821104
02-01-2023,5256239479.879836
03-01-2023,5317072909.438692
04-01-2023,5485576962.0004015
05-01-2023,5482575750.039963
06-01-2023,5673203980.230259
07-01-2023,5714613769.151308
08-01-2023,5794341797.183531
09-01-2023,5821795082.819868
10-01-2023,6132038195.085161
11-01-2023,6123761120.931807
12-01-2023,6294075010.805548
13-01-2023,6584498769.550361
14-01-2023,6016387415.678154
15-01-2023,6084982737.482177
16-01-2023,6205625561.831114
17-01-2023,6341048133.920668
18-01-2023,5973960524.772893
19-01-2023,6276271597.634546
20-01-2023,6727303666.399555
21-01-2023,6556380095.513252
22-01-2023,6577979979.828745
23-01-2023,6620681593.080463
24-01-2023,6135044512.525362
25-01-2023,6278660024.300767
26-01-2023,6383617035.035437
27-01-2023,6563777783.899
28-01-2023,6515076457.388673
29-01-2023,7235130398.317825
30-01-2023,6339099961.770534
31-01-2023,6628208802.897682
01-02-2023,7032103257.451683
02-02-2023,6926036205.475715
03-02-2023,7144836347.897869
04-02-2023,7340491772.399265
05-02-2023,6994371134.912997
06-02-2023,6930611652.787586
07-02-2023,7385184265.212866
08-02-2023,7225156509.739739
09-02-2023,6238716608.378624
10-02-2023,6282672493.137301
11-02-2023,6448486492.689246
12-02-2023,6229601800.420692
13-02-2023,6328457886.313194
14-02-2023,6484770125.0409355
15-02-2023,7196307298.437209
16-02-2023,6723097576.517481
17-02-2023,7197177374.956598
18-02-2023,7437270493.041623
19-02-2023,7268412163.28197
20-02-2023,7695499562.005927
21-02-2023,7455312648.855614
22-02-2023,7138715934.168882
23-02-2023,7073809392.774264
24-02-2023,6888526151.335867
25-02-2023,6904775974.428658
26-02-2023,6988399080.383852
27-02-2023,6809600242.335484
28-02-2023,6766749946.176937
01-03-2023,7244338729.752405
02-03-2023,7366948105.291948
03-03-2023,6492625954.032005
04-03-2023,6357886704.191124
05-03-2023,6337470549.763886
06-03-2023,6506244845.864279
07-03-2023,6511681053.669081
08-03-2023,6450792674.024942
09-03-2023,5786466160.831232
10-03-2023,5523929016.769518
11-03-2023,5413350980.03932
12-03-2023,5611843663.30401
13-03-2023,6270171114.784994
14-03-2023,6352956233.164483
15-03-2023,5893021257.604353
16-03-2023,6362519562.669448
17-03-2023,7044637862.009607
18-03-2023,6867310979.1412735
19-03-2023,7247900172.043495
20-03-2023,6944398669.505986
21-03-2023,7285605896.589264
22-03-2023,6623033990.972134
23-03-2023,7227085877.618126
24-03-2023,6714444804.724247
25-03-2023,6676432954.822225
26-03-2023,6911830449.252413
27-03-2023,6678806523.115606
28-03-2023,7042102259.82571
29-03-2023,7593979208.086124
30-03-2023,7184960969.299149
31-03-2023,7851177797.466745
01-04-2023,7740301072.589073
02-04-2023,7477422753.879263
03-04-2023,7111255371.773054
04-04-2023,7783950181.578282
05-04-2023,7839973641.922632
06-04-2023,7583492587.540909
07-04-2023,7659804016.230247
08-04-2023,7626662857.935507
09-04-2023,7647731659.372819
10-04-2023,8457659684.560133
11-04-2023,8373929316.365766
12-04-2023,8553121793.1482315
13-04-2023,9418660320.16136
14-04-2023,9019733456.061436
15-04-2023,9191333368.38248
16-04-2023,9246511811.730135
17-04-2023,8990040805.847445
18-04-2023,9164279565.51828
19-04-2023,7844435285.430623
20-04-2023,7752597991.291579
21-04-2023,7413654771.340177
22-04-2023,7670520381.607272
23-04-2023,7498183427.991579
24-04-2023,7442157504.814558
25-04-2023,7679772990.634031
26-04-2023,6922300737.079903
27-04-2023,7348635872.765476
28-04-2023,7455205332.484207
29-04-2023,7519483604.48202
30-04-2023,7382976897.658058
01-05-2023,7398644622.181862
02-05-2023,7533996629.322806
03-05-2023,7455746083.796671
04-05-2023,7589414907.325612
05-05-2023,8227062669.514372
06-05-2023,7557409115.871021
07-05-2023,7417516549.338474
08-05-2023,7219091571.903782
09-05-2023,7370456445.890121
10-05-2023,7131132550.455271
11-05-2023,7276840477.897213
12-05-2023,7200674874.019917
13-05-2023,7195062314.555814
14-05-2023,7300966376.266688
15-05-2023,7339691714.145335
16-05-2023,7498545901.094109
17-05-2023,7647481816.524423
18-05-2023,7387554361.88809
19-05-2023,7400730928.567405
20-05-2023,7486945557.663334
21-05-2023,7455773145.89089
22-05-2023,7596798705.363777
23-05-2023,7747064038.662798
24-05-2023,7753008483.362573
25-05-2023,7686191452.340139
26-05-2023,7660480423.924347
27-05-2023,7768793182.452931
28-05-2023,8137277505.147291
29-05-2023,8053401492.597523
30-05-2023,8216539377.622769
31-05-2023,8043554554.833862
01-06-2023,8044983579.51528
02-06-2023,8370408414.199854
03-06-2023,8336506538.056761
04-06-2023,8288311557.319843
05-06-2023,7780588852.257483
06-06-2023,7677993083.401414
07-06-2023,7155032543.912735
08-06-2023,7231747934.753592
09-06-2023,7281405759.634687
10-06-2023,6274310214.443792
11-06-2023,6212207836.6886425
12-06-2023,6380118112.1412735
13-06-2023,6399125219.411062
14-06-2023,6134630119.852011
15-06-2023,6227991590.179413
16-06-2023,6308773773.476701
17-06-2023,6373192396.617323
18-06-2023,6316958963.257172
19-06-2023,6563087322.436511
20-06-2023,7245971471.575624
21-06-2023,7473959288.634052
22-06-2023,7415958453.135796
23-06-2023,7557176243.9336
24-06-2023,7432327477.598778
25-06-2023,7583759827.46501
26-06-2023,7561650394.975619
27-06-2023,7838872237.374021
28-06-2023,7376458956.462519
29-06-2023,7720689057.39431
30-06-2023,7688977702.196461
01-07-2023,7935517657.230104
02-07-2023,7936538412.848192
03-07-2023,8498303938.379444
04-07-2023,8159902982.687944
05-07-2023,7925391060.655945
06-07-2023,7327150015.70759
07-07-2023,7489683079.121929
08-07-2023,7545839080.013385
09-07-2023,7459521847.017676
10-07-2023,7566633437.326728
11-07-2023,7778632262.02171
12-07-2023,7811789936.284296
13-07-2023,8739592451.716042
14-07-2023,7653061043.554082
15-07-2023,7864385718.131233
16-07-2023,7833089148.332608
17-07-2023,7926320599.408872
18-07-2023,7920371733.276121
19-07-2023,7982937353.17087
20-07-2023,8149909869.33354
21-07-2023,8117554706.780685
22-07-2023,7951911952.442836
23-07-2023,7765468928.183454
24-07-2023,7845626803.480892
25-07-2023,7835114457.645187
26-07-2023,7925240328.632368
27-07-2023,8003952222.39338
28-07-2023,8099849877.278909
29-07-2023,8211691467.754989
30-07-2023,7951268887.555725
31-07-2023,8025824296.965202
01-08-2023,8098367787.130032
02-08-2023,8048782772.548994
03-08-2023,8046340057.426376
04-08-2023,8080775705.61042
05-08-2023,8102706145.773508
06-08-2023,8068526834.1941185
07-08-2023,8128413626.668745
08-08-2023,8472388405.963854
09-08-2023,8275041963.815993
10-08-2023,8373159745.144615
11-08-2023,8420764412.472668
12-08-2023,8476148648.374837
13-08-2023,8316092248.19048
14-08-2023,8175293892.424626
15-08-2023,8107249270.662156
16-08-2023,7929111978.442951
17-08-2023,6606018101.266972
18-08-2023,6093385128.073176
19-08-2023,5844119107.625826
20-08-2023,5975230172.816507
21-08-2023,5967491925.599097
22-08-2023,5778293777.515987
23-08-2023,5812055156.881678
24-08-2023,5797702686.921814
25-08-2023,5701212226.290096
26-08-2023,5772595650.926512
27-08-2023,5873662806.726238
28-08-2023,5796610244.274284
29-08-2023,6287201013.290575
30-08-2023,6123967143.569357
31-08-2023,5647419363.150283
01-09-2023,5550423313.870815
02-09-2023,5423905606.43558
03-09-2023,5442074040.015303
04-09-2023,5423040187.41752
05-09-2023,5622234875.956045
06-09-2023,5637095675.327236
07-09-2023,5766807213.299166
08-09-2023,5730332948.009134
09-09-2023,5696467794.235692
10-09-2023,5532146068.356239
11-09-2023,5660240234.04738
12-09-2023,5671381827.631128
13-09-2023,5910837084.353392
14-09-2023,6062477237.643708
15-09-2023,6075224597.944962
16-09-2023,6034591111.453882
17-09-2023,5797649107.291124
18-09-2023,6043716149.616318
19-09-2023,6257571231.786972
20-09-2023,6193068248.909992
21-09-2023,6191562112.189765
22-09-2023,6240668187.55389
23-09-2023,6229413215.538839
24-09-2023,6123135268.511338
25-09-2023,6255071863.899152
26-09-2023,6343847777.177217
27-09-2023,6202575053.586018
28-09-2023,6609760105.75185
29-09-2023,6509585562.139928
30-09-2023,6656913777.410217
01-10-2023,6770295861.625187
02-10-2023,6470288930.934977
03-10-2023,6366561443.130699
04-10-2023,6441344163.486576
05-10-2023,6461577625.295905
06-10-2023,6725058742.9109745
07-10-2023,6586697175.3034935
08-10-2023,6668636368.2528925
09-10-2023,6408051336.887504
10-10-2023,6497890468.24861
11-10-2023,6638600928.8446665
12-10-2023,6629636948.7088375
13-10-2023,6629171275.566582
14-10-2023,6731460280.987834
15-10-2023,6713288565.727549
16-10-2023,6554610624.099991
17-10-2023,6562184052.150947
18-10-2023,6374570622.751597
19-10-2023,6692159931.205786
20-10-2023,6862513810.609419
21-10-2023,7241549705.250592
22-10-2023,7279089697.11983
23-10-2023,7514932740.090849
24-10-2023,7285529182.119324
25-10-2023,7515094812.173166
26-10-2023,7538755688.852575
27-10-2023,7431436655.945015
28-10-2023,7542091423.493049
29-10-2023,7844333873.390988
30-10-2023,7961847340.32748
31-10-2023,8003106584.5301075
01-11-2023,8251180137.015712
02-11-2023,7741886679.254295
03-11-2023,7842057067.227337
04-11-2023,8194123493.058712
05-11-2023,8351233979.565986
06-11-2023,8683627607.107893
07-11-2023,8560223526.966051
08-11-2023,8854697357.273905
09-11-2023,8415904182.492084
10-11-2023,8710321759.69767
11-11-2023,8747183407.016685
12-11-2023,8784328758.05238
13-11-2023,8469125085.496431
14-11-2023,8161411051.4838085
15-11-2023,8933735070.86044
16-11-2023,8327349354.628717
17-11-2023,8237224732.279604
18-11-2023,8261953427.287612
19-11-2023,8577239056.988202
20-11-2023,8650871690.75153
21-11-2023,7855754347.028
22-11-2023,8661496280.153
23-11-2023,8737223193.043999
24-11-2023,8768382996.725
25-11-2023,8931930005.557001
26-11-2023,8657252366.547
27-11-2023,8573732953.9470005
28-11-2023,8756241632.282
29-11-2023,8811966173.225
30-11-2023,8904950845.089
01-12-2023,9458811626.586
02-12-2023,9685199761.354
03-12-2023,9661284460.455
04-12-2023,10019357801.088
05-12-2023,10205371071.052
06-12-2023,10002877284.545
07-12-2023,10414830324.613
08-12-2023,10706312269.162
09-12-2023,10456063180.743
10-12-2023,10738578940.756
11-12-2023,9312674897.108
12-12-2023,9597547615.546
13-12-2023,9723442762.324001
14-12-2023,9956620434.527
15-12-2023,9575410416.505001
16-12-2023,9821760630.052
17-12-2023,9605990100.936
18-12-2023,9675012281.036
19-12-2023,9665122528.886
20-12-2023,10226910010.253
21-12-2023,10642260194.686
22-12-2023,10901846628.206001
23-12-2023,11018126957.701
24-12-2023,10743480511.354
25-12-2023,11193694641.175001
26-12-2023,10844686660.947012
27-12-2023,11258806735.779
28-12-2023,10839007747.109
29-12-2023,10579271501.046
30-12-2023,10595277105.565
31-12-2023,10383171369.647999
01-01-2024,10984022397.621
02-01-2024,11156839680.615002
03-01-2024,9014485316.591
04-01-2024,9404704168.624
05-01-2024,9048425311.477999
06-01-2024,8904435710.566
07-01-2024,8714008409.751
08-01-2024,9417722550.9267
09-01-2024,9050174608.951756
10-01-2024,9734115806.680815
11-01-2024,10150879760.192705
12-01-2024,9787121494.962002
13-01-2024,10016865152.205997
14-01-2024,9800058567.273998
15-01-2024,9920052177.676
16-01-2024,10228335257.325
17-01-2024,10257822234.939001
18-01-2024,9982454692.264
19-01-2024,9868120490.262
20-01-2024,9928478580.858
21-01-2024,9861446776.809
22-01-2024,9408824185.374
23-01-2024,9001741615.935999
24-01-2024,9133563043.091
25-01-2024,9171098232.269001
26-01-2024,9632474900.95
27-01-2024,9690709300.043999
28-01-2024,9388744350.687
29-01-2024,9995102953.333
30-01-2024,9791598867.091
31-01-2024,9408243424.778
01-02-2024,9743532589.697
02-02-2024,9888550121.707
03-02-2024,9965928279.597
04-02-2024,9883207623.965
05-02-2024,10103555223.716
06-02-2024,10404916601.902
07-02-2024,10787037066.684
08-02-2024,10953684023.643
09-02-2024,11218544128.918
10-02-2024,11552676770.339
11-02-2024,11788886593.959
12-02-2024,12499626936.366001
13-02-2024,12239561501.261
14-02-2024,13018704972.747
15-02-2024,12918301224.015
16-02-2024,12844276640.315
17-02-2024,12791952634.572
18-02-2024,13026705689.121
19-02-2024,13460569732.900002
20-02-2024,13261552563.61
21-02-2024,12965259478.705
22-02-2024,12969857858.618
23-02-2024,13044205914.548
24-02-2024,13457916793.07
25-02-2024,13882937421.835
26-02-2024,14075180528.527725
27-02-2024,14092238704.85188
28-02-2024,14109170288.009521
29-02-2024,14142246227.231411
01-03-2024,15011468901.577759
02-03-2024,15437522059.527464
03-03-2024,15621898226.178902
04-03-2024,16493496353.60611
05-03-2024,14021853774.580738
06-03-2024,15127169326.89
07-03-2024,15748172872.935284
08-03-2024,16155107166.338959
09-03-2024,16748209257.868338
10-03-2024,16842698670.04211
11-03-2024,17820054759.307484
12-03-2024,17657910734.991997
13-03-2024,18377298429.859
14-03-2024,18624799969.696
15-03-2024,17281849476.725998
16-03-2024,16026540815.019
17-03-2024,16955308947.300999
18-03-2024,16476349381.302002
19-03-2024,14696774616.447998
20-03-2024,15821372392.308002
21-03-2024,15485025396.001001
22-03-2024,15055847530.963
23-03-2024,15232428860.678001
24-03-2024,16206764175.089
25-03-2024,17294071939.918
26-03-2024,17686771597.05
27-03-2024,17910261157.924
28-03-2024,18510614505.625
29-03-2024,18515041006.926003
30-03-2024,18446756995.508
31-03-2024,19428348476.905
01-04-2024,18384155606.984
02-04-2024,16532875736.102001
03-04-2024,16427467014.988
04-04-2024,16671163276.898
05-04-2024,16247952361.031
06-04-2024,16602938321.883
07-04-2024,17223287587.468
08-04-2024,18299769870.87
09-04-2024,17296922911.971
10-04-2024,17351580206.192
11-04-2024,17244944880.424
12-04-2024,14294479855.371
13-04-2024,11228448507.731998
14-04-2024,11685400095.725
15-04-2024,11028229749.31
16-04-2024,10850469269.293
17-04-2024,10649476764.281
18-04-2024,11073655790.593
19-04-2024,11119507998.288
20-04-2024,11760166489.095
21-04-2024,11634642374.251
22-04-2024,12235858260.024002
23-04-2024,12201226343.289
24-04-2024,11926459053.705
25-04-2024,11790642701.137
26-04-2024,11651401012.614002
27-04-2024,11744487751.861
28-04-2024,11669130496.025002
29-04-2024,11725460876.222
30-04-2024,11470238297.649002
01-05-2024,10769433672.662
02-05-2024,11094974241.557999
03-05-2024,12068327259.586002
04-05-2024,12367181349.901001
05-05-2024,12399414929.988998
06-05-2024,12135800472.094
07-05-2024,11806675058.216
08-05-2024,11618177488.999
09-05-2024,12114994721.409
10-05-2024,11961116087.776999
11-05-2024,11873893278.519001
12-05-2024,11883497625.601002
13-05-2024,12227554255.688
14-05-2024,11834286401.833
15-05-2024,13050191478.668
16-05-2024,12868139757.621
17-05-2024,13661785062.192999
18-05-2024,13814186611.595999
19-05-2024,13430735792.256
20-05-2024,15170536007.229002
21-05-2024,16302533472.636
22-05-2024,16072249938.043
23-05-2024,15187941227.609999
24-05-2024,15335084305.973
25-05-2024,15899905452.435005
26-05-2024,16041433217.444
27-05-2024,16706694924.088
28-05-2024,16321277037.866997
29-05-2024,16426978665.405
30-05-2024,16056293488.658998
31-05-2024,16299090839.745
01-06-2024,16594087905.693
02-06-2024,16423024093.848999
03-06-2024,16842620424.988998
04-06-2024,17654990079.588
05-06-2024,18222620839.999996
06-06-2024,17792341041.912003
07-06-2024,16459109534.829998
08-06-2024,15916041526.63
09-06-2024,16135339427.953999
10-06-2024,15983544519.465
11-06-2024,15117165822.244
12-06-2024,15423102409.780998
13-06-2024,14699570216.859001
14-06-2024,14301977574.178999
15-06-2024,14849537157.432
16-06-2024,15119392549.992002
17-06-2024,14569031996.456
18-06-2024,13487332086.244999
19-06-2024,13575319173.972
20-06-2024,13307219221.689999
21-06-2024,13397296249.538
22-06-2024,13502482451.888998
23-06-2024,13248402768.801998
24-06-2024,13417893263.012001
25-06-2024,13550817635.197
26-06-2024,13197749726.432
27-06-2024,13581119208.203999
28-06-2024,13421024466.57
29-06-2024,13544793065.261
30-06-2024,14234243084.751
01-07-2024,14172753607.681
02-07-2024,14259911648.116
03-07-2024,13874985719.396
04-07-2024,13097037745.635002
05-07-2024,11713518807.405
06-07-2024,12050741455.007
07-07-2024,11422474256.680998
08-07-2024,11413025681.196999
09-07-2024,11933593312.579002
10-07-2024,12113394339.286001
11-07-2024,12188303999.536001
12-07-2024,12322343999.550999
13-07-2024,12749589679.655
14-07-2024,13120804360.225
15-07-2024,13971815614.538002
16-07-2024,13924530042.367
17-07-2024,13658728035.776
18-07-2024,13585602817.158998
19-07-2024,14281189671.414001
20-07-2024,14698715786.243
21-07-2024,14771500554.185001
22-07-2024,14429442845.734001
23-07-2024,14246515079.369999
24-07-2024,14290185800.939999
25-07-2024,13702301290.372002
26-07-2024,14400163086.373
27-07-2024,14133337011.172
28-07-2024,14305477579.229
29-07-2024,14347401592.865002
30-07-2024,14031902097.266
31-07-2024,13720898753.654001
01-08-2024,13849627964.845001
02-08-2024,12952808206.691998
03-08-2024,12174819067.310001
04-08-2024,11717317485.719
05-08-2024,9346992650.804
06-08-2024,10214095732.687
07-08-2024,9968449946.220999
08-08-2024,11116284311.524002
09-08-2024,10861695018.08
10-08-2024,10728285628.244
11-08-2024,10155512186.001
12-08-2024,10412503390.597
13-08-2024,10511585764.588
14-08-2024,10911923757.424
15-08-2024,10820232371.996
16-08-2024,10888833263.84
17-08-2024,11127041750.805
18-08-2024,11069658018.537998
19-08-2024,11146255451.453999
20-08-2024,11320839880.31
21-08-2024,11824450666.939
22-08-2024,11724435341.773
23-08-2024,12785296985.306
24-08-2024,12976272394.276001
25-08-2024,12921875415.964
26-08-2024,12273681659.022
27-08-2024,11236518000.284
28-08-2024,10955559248.014
29-08-2024,11044537014.943
30-08-2024,11007158318.043
31-08-2024,11040122627.619
01-09-2024,10754466151.622997
02-09-2024,11183383224.527
03-09-2024,10942363811.011
04-09-2024,10901507232.253
05-09-2024,10822031046.367
06-09-2024,10591071469.838001
07-09-2024,10685926208.24
08-09-2024,10927677078.319
09-09-2024,11542105166.263
10-09-2024,11543661311.027
11-09-2024,11397292559.654999
12-09-2024,11763159273.727
13-09-2024,12407333159.567001
14-09-2024,12612413729.008
15-09-2024,12121060657.013998
16-09-2024,11821411206.239998
17-09-2024,12080980984.060001
18-09-2024,12282979476.587997
19-09-2024,13190978374.604
20-09-2024,13415139281.762999
21-09-2024,13761382813.503998
22-09-2024,13232251477.145
23-09-2024,13652619167.287
24-09-2024,14199994290.868
25-09-2024,13874036923.258999
26-09-2024,14427206335.342999
27-09-2024,14816060879.437
28-09-2024,14684897324.169003
29-09-2024,14828515110.564
30-09-2024,14504096257.866999
01-10-2024,15070274741.129997
02-10-2024,13748591907.716
03-10-2024,12726178576.604004
04-10-2024,13248869023.706999
05-10-2024,13189864252.304
06-10-2024,13478608628.352999
